response_id,course,bucket,rank
R_bvl8nbnx5mGtm5X,ACC 6060 Professionalism and Leadership,Most Beneficial,3
R_bvl8nbnx5mGtm5X,ACC 6300 Data Analytics,Most Beneficial,2
R_bvl8nbnx5mGtm5X,ACC 6400 Advanced Tax Business Entities,Most Beneficial,1
R_bvl8nbnx5mGtm5X,ACC 6350 Managment Control Systems,Neutral,3
R_bvl8nbnx5mGtm5X,ACC 6540 Professional Ethics,Neutral,1
R_bvl8nbnx5mGtm5X,ACC 6560 Financial Theory & Research I,Neutral,2
R_bvl8nbnx5mGtm5X,ACC 6510 Financial Audit,Least Beneficial,1
R_bvl8nbnx5mGtm5X,ACC 6600 Business Law for Accountants,Did not take,1
R_bvl8nbnx5mGtm5X,ACC 6410 Tax Research & Procedure,Most Beneficial,2
R_bvl8nbnx5mGtm5X,ACC 6440 Partnership Tax,Most Beneficial,1
R_bvl8nbnx5mGtm5X,ACC 6030 Financial Accounting Reporting,Neutral,1
R_bvl8nbnx5mGtm5X,ACC 6140 Fraud Exam & Forensic Acc,Did not take,6
R_bvl8nbnx5mGtm5X,ACC 6150 Info Sys Audit,Did not take,8
R_bvl8nbnx5mGtm5X,ACC 6250 Financial Reporting and Analysis,Did not take,3
R_bvl8nbnx5mGtm5X,ACC 6350 Mgmt Control Sys (if taken as an elective),Did not take,1
R_bvl8nbnx5mGtm5X,ACC 6420 Corporate Tax,Did not take,2
R_bvl8nbnx5mGtm5X,ACC 6600 Business Law for Accountants (if taken as an elective),Did not take,5
R_bvl8nbnx5mGtm5X,ACC 6610 Finance Statement Research,Did not take,4
R_bvl8nbnx5mGtm5X,ACC 679R Special Topics,Did not take,7
R_3kp02wJCv80cYxr,ACC 6060 Professionalism and Leadership,Most Beneficial,1
R_3kp02wJCv80cYxr,ACC 6400 Advanced Tax Business Entities,Most Beneficial,4
R_3kp02wJCv80cYxr,ACC 6540 Professional Ethics,Most Beneficial,2
R_3kp02wJCv80cYxr,ACC 6560 Financial Theory & Research I,Most Beneficial,3
R_3kp02wJCv80cYxr,ACC 6600 Business Law for Accountants,Most Beneficial,5
R_3kp02wJCv80cYxr,ACC 6300 Data Analytics,Neutral,1
R_3kp02wJCv80cYxr,ACC 6510 Financial Audit,Least Beneficial,1
R_3kp02wJCv80cYxr,ACC 6350 Managment Control Systems,Did not take,1
R_3kp02wJCv80cYxr,ACC 6150 Info Sys Audit,Most Beneficial,2
R_3kp02wJCv80cYxr,ACC 6250 Financial Reporting and Analysis,Most Beneficial,1
R_3kp02wJCv80cYxr,ACC 6600 Business Law for Accountants (if taken as an elective),Most Beneficial,3
R_3kp02wJCv80cYxr,ACC 6030 Financial Accounting Reporting,Neutral,1
R_3kp02wJCv80cYxr,ACC 6610 Finance Statement Research,Least Beneficial,1
R_3kp02wJCv80cYxr,ACC 6140 Fraud Exam & Forensic Acc,Did not take,6
R_3kp02wJCv80cYxr,ACC 6350 Mgmt Control Sys (if taken as an elective),Did not take,5
R_3kp02wJCv80cYxr,ACC 6410 Tax Research & Procedure,Did not take,3
R_3kp02wJCv80cYxr,ACC 6420 Corporate Tax,Did not take,2
R_3kp02wJCv80cYxr,ACC 6440 Partnership Tax,Did not take,4
R_3kp02wJCv80cYxr,ACC 679R Special Topics,Did not take,1
R_YYdCnMDrDW4TGSZ,ACC 6400 Advanced Tax Business Entities,Most Beneficial,2
R_YYdCnMDrDW4TGSZ,ACC 6600 Business Law for Accountants,Most Beneficial,1
R_YYdCnMDrDW4TGSZ,ACC 6510 Financial Audit,Neutral,3
R_YYdCnMDrDW4TGSZ,ACC 6540 Professional Ethics,Neutral,1
R_YYdCnMDrDW4TGSZ,ACC 6560 Financial Theory & Research I,Neutral,2
R_YYdCnMDrDW4TGSZ,ACC 6350 Managment Control Systems,Least Beneficial,1
R_YYdCnMDrDW4TGSZ,ACC 6060 Professionalism and Leadership,Did not take,1
R_YYdCnMDrDW4TGSZ,ACC 6300 Data Analytics,Did not take,2
R_YYdCnMDrDW4TGSZ,ACC 6600 Business Law for Accountants (if taken as an elective),Most Beneficial,1
R_YYdCnMDrDW4TGSZ,ACC 6030 Financial Accounting Reporting,Neutral,1
R_YYdCnMDrDW4TGSZ,ACC 6140 Fraud Exam & Forensic Acc,Did not take,9
R_YYdCnMDrDW4TGSZ,ACC 6150 Info Sys Audit,Did not take,8
R_YYdCnMDrDW4TGSZ,ACC 6250 Financial Reporting and Analysis,Did not take,7
R_YYdCnMDrDW4TGSZ,ACC 6350 Mgmt Control Sys (if taken as an elective),Did not take,6
R_YYdCnMDrDW4TGSZ,ACC 6410 Tax Research & Procedure,Did not take,5
R_YYdCnMDrDW4TGSZ,ACC 6420 Corporate Tax,Did not take,4
R_YYdCnMDrDW4TGSZ,ACC 6440 Partnership Tax,Did not take,3
R_YYdCnMDrDW4TGSZ,ACC 6610 Finance Statement Research,Did not take,2
R_YYdCnMDrDW4TGSZ,ACC 679R Special Topics,Did not take,1
R_2UVKyCseF1jtgIp,ACC 6350 Managment Control Systems,Most Beneficial,1
R_2UVKyCseF1jtgIp,ACC 6560 Financial Theory & Research I,Most Beneficial,2
R_2UVKyCseF1jtgIp,ACC 6060 Professionalism and Leadership,Neutral,1
R_2UVKyCseF1jtgIp,ACC 6510 Financial Audit,Neutral,2
R_2UVKyCseF1jtgIp,ACC 6540 Professional Ethics,Least Beneficial,1
R_2UVKyCseF1jtgIp,ACC 6300 Data Analytics,Did not take,1
R_2UVKyCseF1jtgIp,ACC 6400 Advanced Tax Business Entities,Did not take,2
R_2UVKyCseF1jtgIp,ACC 6600 Business Law for Accountants,Did not take,3
R_2UVKyCseF1jtgIp,ACC 6250 Financial Reporting and Analysis,Most Beneficial,1
R_2UVKyCseF1jtgIp,ACC 6030 Financial Accounting Reporting,Neutral,2
R_2UVKyCseF1jtgIp,ACC 6420 Corporate Tax,Neutral,1
R_2UVKyCseF1jtgIp,ACC 6140 Fraud Exam & Forensic Acc,Least Beneficial,1
R_2UVKyCseF1jtgIp,ACC 6150 Info Sys Audit,Did not take,3
R_2UVKyCseF1jtgIp,ACC 6350 Mgmt Control Sys (if taken as an elective),Did not take,2
R_2UVKyCseF1jtgIp,ACC 6410 Tax Research & Procedure,Did not take,6
R_2UVKyCseF1jtgIp,ACC 6440 Partnership Tax,Did not take,5
R_2UVKyCseF1jtgIp,ACC 6600 Business Law for Accountants (if taken as an elective),Did not take,7
R_2UVKyCseF1jtgIp,ACC 6610 Finance Statement Research,Did not take,1
R_2UVKyCseF1jtgIp,ACC 679R Special Topics,Did not take,4
R_sLut2JBxhrAID6N,ACC 6350 Managment Control Systems,Most Beneficial,3
R_sLut2JBxhrAID6N,ACC 6510 Financial Audit,Most Beneficial,2
R_sLut2JBxhrAID6N,ACC 6560 Financial Theory & Research I,Most Beneficial,1
R_sLut2JBxhrAID6N,ACC 6060 Professionalism and Leadership,Neutral,1
R_sLut2JBxhrAID6N,ACC 6400 Advanced Tax Business Entities,Neutral,3
R_sLut2JBxhrAID6N,ACC 6540 Professional Ethics,Neutral,2
R_sLut2JBxhrAID6N,ACC 6600 Business Law for Accountants,Least Beneficial,1
R_sLut2JBxhrAID6N,ACC 6300 Data Analytics,Did not take,1
R_sLut2JBxhrAID6N,ACC 6030 Financial Accounting Reporting,Most Beneficial,1
R_sLut2JBxhrAID6N,ACC 6140 Fraud Exam & Forensic Acc,Neutral,2
R_sLut2JBxhrAID6N,ACC 6600 Business Law for Accountants (if taken as an elective),Neutral,1
R_sLut2JBxhrAID6N,ACC 6150 Info Sys Audit,Least Beneficial,1
R_sLut2JBxhrAID6N,ACC 6250 Financial Reporting and Analysis,Did not take,7
R_sLut2JBxhrAID6N,ACC 6350 Mgmt Control Sys (if taken as an elective),Did not take,6
R_sLut2JBxhrAID6N,ACC 6410 Tax Research & Procedure,Did not take,4
R_sLut2JBxhrAID6N,ACC 6420 Corporate Tax,Did not take,5
R_sLut2JBxhrAID6N,ACC 6440 Partnership Tax,Did not take,3
R_sLut2JBxhrAID6N,ACC 6610 Finance Statement Research,Did not take,2
R_sLut2JBxhrAID6N,ACC 679R Special Topics,Did not take,1
R_eFBfbfNRk9frjQB,ACC 6400 Advanced Tax Business Entities,Most Beneficial,1
R_eFBfbfNRk9frjQB,ACC 6510 Financial Audit,Most Beneficial,2
R_eFBfbfNRk9frjQB,ACC 6060 Professionalism and Leadership,Neutral,1
R_eFBfbfNRk9frjQB,ACC 6350 Managment Control Systems,Neutral,2
R_eFBfbfNRk9frjQB,ACC 6540 Professional Ethics,Least Beneficial,1
R_eFBfbfNRk9frjQB,ACC 6300 Data Analytics,Did not take,3
R_eFBfbfNRk9frjQB,ACC 6560 Financial Theory & Research I,Did not take,1
R_eFBfbfNRk9frjQB,ACC 6600 Business Law for Accountants,Did not take,2
R_eFBfbfNRk9frjQB,ACC 6030 Financial Accounting Reporting,Most Beneficial,2
R_eFBfbfNRk9frjQB,ACC 6440 Partnership Tax,Most Beneficial,1
R_eFBfbfNRk9frjQB,ACC 6140 Fraud Exam & Forensic Acc,Neutral,2
R_eFBfbfNRk9frjQB,ACC 6150 Info Sys Audit,Neutral,1
R_eFBfbfNRk9frjQB,ACC 6250 Financial Reporting and Analysis,Did not take,2
R_eFBfbfNRk9frjQB,ACC 6350 Mgmt Control Sys (if taken as an elective),Did not take,1
R_eFBfbfNRk9frjQB,ACC 6410 Tax Research & Procedure,Did not take,3
R_eFBfbfNRk9frjQB,ACC 6420 Corporate Tax,Did not take,5
R_eFBfbfNRk9frjQB,ACC 6600 Business Law for Accountants (if taken as an elective),Did not take,4
R_eFBfbfNRk9frjQB,ACC 6610 Finance Statement Research,Did not take,6
R_eFBfbfNRk9frjQB,ACC 679R Special Topics,Did not take,7
R_242Ap3gYJXqohZa,ACC 6060 Professionalism and Leadership,Most Beneficial,3
R_242Ap3gYJXqohZa,ACC 6510 Financial Audit,Most Beneficial,2
R_242Ap3gYJXqohZa,ACC 6540 Professional Ethics,Most Beneficial,1
R_242Ap3gYJXqohZa,ACC 6350 Managment Control Systems,Neutral,2
R_242Ap3gYJXqohZa,ACC 6560 Financial Theory & Research I,Neutral,1
R_242Ap3gYJXqohZa,ACC 6600 Business Law for Accountants,Least Beneficial,1
R_242Ap3gYJXqohZa,ACC 6300 Data Analytics,Did not take,1
R_242Ap3gYJXqohZa,ACC 6400 Advanced Tax Business Entities,Did not take,2
R_242Ap3gYJXqohZa,ACC 6140 Fraud Exam & Forensic Acc,Most Beneficial,2
R_242Ap3gYJXqohZa,ACC 6150 Info Sys Audit,Most Beneficial,1
R_242Ap3gYJXqohZa,ACC 6030 Financial Accounting Reporting,Neutral,2
R_242Ap3gYJXqohZa,ACC 6350 Mgmt Control Sys (if taken as an elective),Neutral,1
R_242Ap3gYJXqohZa,ACC 6420 Corporate Tax,Neutral,3
R_242Ap3gYJXqohZa,ACC 6250 Financial Reporting and Analysis,Did not take,3
R_242Ap3gYJXqohZa,ACC 6410 Tax Research & Procedure,Did not take,6
R_242Ap3gYJXqohZa,ACC 6440 Partnership Tax,Did not take,5
R_242Ap3gYJXqohZa,ACC 6600 Business Law for Accountants (if taken as an elective),Did not take,4
R_242Ap3gYJXqohZa,ACC 6610 Finance Statement Research,Did not take,1
R_242Ap3gYJXqohZa,ACC 679R Special Topics,Did not take,2
R_3PuH5GKQ3S4jBrv,ACC 6400 Advanced Tax Business Entities,Most Beneficial,1
R_3PuH5GKQ3S4jBrv,ACC 6560 Financial Theory & Research I,Most Beneficial,2
R_3PuH5GKQ3S4jBrv,ACC 6060 Professionalism and Leadership,Neutral,2
R_3PuH5GKQ3S4jBrv,ACC 6350 Managment Control Systems,Neutral,1
R_3PuH5GKQ3S4jBrv,ACC 6510 Financial Audit,Neutral,3
R_3PuH5GKQ3S4jBrv,ACC 6540 Professional Ethics,Least Beneficial,1
R_3PuH5GKQ3S4jBrv,ACC 6300 Data Analytics,Did not take,1
R_3PuH5GKQ3S4jBrv,ACC 6600 Business Law for Accountants,Did not take,2
R_3PuH5GKQ3S4jBrv,ACC 6140 Fraud Exam & Forensic Acc,Most Beneficial,2
R_3PuH5GKQ3S4jBrv,ACC 6150 Info Sys Audit,Most Beneficial,1
R_3PuH5GKQ3S4jBrv,ACC 6030 Financial Accounting Reporting,Neutral,1
R_3PuH5GKQ3S4jBrv,ACC 6250 Financial Reporting and Analysis,Neutral,2
R_3PuH5GKQ3S4jBrv,ACC 6350 Mgmt Control Sys (if taken as an elective),Did not take,7
R_3PuH5GKQ3S4jBrv,ACC 6410 Tax Research & Procedure,Did not take,1
R_3PuH5GKQ3S4jBrv,ACC 6420 Corporate Tax,Did not take,2
R_3PuH5GKQ3S4jBrv,ACC 6440 Partnership Tax,Did not take,4
R_3PuH5GKQ3S4jBrv,ACC 6600 Business Law for Accountants (if taken as an elective),Did not take,6
R_3PuH5GKQ3S4jBrv,ACC 6610 Finance Statement Research,Did not take,5
R_3PuH5GKQ3S4jBrv,ACC 679R Special Topics,Did not take,3
R_5nHYo3c3aS9DZZL,ACC 6060 Professionalism and Leadership,Most Beneficial,2
R_5nHYo3c3aS9DZZL,ACC 6400 Advanced Tax Business Entities,Most Beneficial,1
R_5nHYo3c3aS9DZZL,ACC 6560 Financial Theory & Research I,Most Beneficial,3
R_5nHYo3c3aS9DZZL,ACC 6300 Data Analytics,Neutral,2
R_5nHYo3c3aS9DZZL,ACC 6350 Managment Control Systems,Neutral,1
R_5nHYo3c3aS9DZZL,ACC 6510 Financial Audit,Least Beneficial,2
R_5nHYo3c3aS9DZZL,ACC 6540 Professional Ethics,Least Beneficial,1
R_5nHYo3c3aS9DZZL,ACC 6600 Business Law for Accountants,Did not take,1
R_5nHYo3c3aS9DZZL,ACC 6030 Financial Accounting Reporting,Most Beneficial,1
R_5nHYo3c3aS9DZZL,ACC 6410 Tax Research & Procedure,Least Beneficial,1
R_5nHYo3c3aS9DZZL,ACC 6440 Partnership Tax,Least Beneficial,2
R_5nHYo3c3aS9DZZL,ACC 6140 Fraud Exam & Forensic Acc,Did not take,8
R_5nHYo3c3aS9DZZL,ACC 6150 Info Sys Audit,Did not take,7
R_5nHYo3c3aS9DZZL,ACC 6250 Financial Reporting and Analysis,Did not take,1
R_5nHYo3c3aS9DZZL,ACC 6350 Mgmt Control Sys (if taken as an elective),Did not take,6
R_5nHYo3c3aS9DZZL,ACC 6420 Corporate Tax,Did not take,5
R_5nHYo3c3aS9DZZL,ACC 6600 Business Law for Accountants (if taken as an elective),Did not take,4
R_5nHYo3c3aS9DZZL,ACC 6610 Finance Statement Research,Did not take,2
R_5nHYo3c3aS9DZZL,ACC 679R Special Topics,Did not take,3
R_3J4SiCAWiIN2Y8d,ACC 6060 Professionalism and Leadership,Most Beneficial,3
R_3J4SiCAWiIN2Y8d,ACC 6350 Managment Control Systems,Most Beneficial,6
R_3J4SiCAWiIN2Y8d,ACC 6400 Advanced Tax Business Entities,Most Beneficial,2
R_3J4SiCAWiIN2Y8d,ACC 6510 Financial Audit,Most Beneficial,1
R_3J4SiCAWiIN2Y8d,ACC 6540 Professional Ethics,Most Beneficial,5
R_3J4SiCAWiIN2Y8d,ACC 6560 Financial Theory & Research I,Most Beneficial,4
R_3J4SiCAWiIN2Y8d,ACC 6300 Data Analytics,Did not take,1
R_3J4SiCAWiIN2Y8d,ACC 6600 Business Law for Accountants,Did not take,2
R_3J4SiCAWiIN2Y8d,ACC 6030 Financial Accounting Reporting,Most Beneficial,3
R_3J4SiCAWiIN2Y8d,ACC 6350 Mgmt Control Sys (if taken as an elective),Most Beneficial,1
R_3J4SiCAWiIN2Y8d,ACC 6610 Finance Statement Research,Most Beneficial,2
R_3J4SiCAWiIN2Y8d,ACC 6140 Fraud Exam & Forensic Acc,Did not take,3
R_3J4SiCAWiIN2Y8d,ACC 6150 Info Sys Audit,Did not take,5
R_3J4SiCAWiIN2Y8d,ACC 6250 Financial Reporting and Analysis,Did not take,1
R_3J4SiCAWiIN2Y8d,ACC 6410 Tax Research & Procedure,Did not take,6
R_3J4SiCAWiIN2Y8d,ACC 6420 Corporate Tax,Did not take,7
R_3J4SiCAWiIN2Y8d,ACC 6440 Partnership Tax,Did not take,4
R_3J4SiCAWiIN2Y8d,ACC 6600 Business Law for Accountants (if taken as an elective),Did not take,2
R_3J4SiCAWiIN2Y8d,ACC 679R Special Topics,Did not take,8
R_31szEM1y9yXpBws,ACC 6060 Professionalism and Leadership,Most Beneficial,4
R_31szEM1y9yXpBws,ACC 6300 Data Analytics,Most Beneficial,3
R_31szEM1y9yXpBws,ACC 6350 Managment Control Systems,Most Beneficial,2
R_31szEM1y9yXpBws,ACC 6400 Advanced Tax Business Entities,Most Beneficial,1
R_31szEM1y9yXpBws,ACC 6510 Financial Audit,Neutral,1
R_31szEM1y9yXpBws,ACC 6540 Professional Ethics,Least Beneficial,2
R_31szEM1y9yXpBws,ACC 6560 Financial Theory & Research I,Least Beneficial,1
R_31szEM1y9yXpBws,ACC 6600 Business Law for Accountants,Did not take,1
R_31szEM1y9yXpBws,ACC 6030 Financial Accounting Reporting,Most Beneficial,2
R_31szEM1y9yXpBws,ACC 6150 Info Sys Audit,Most Beneficial,3
R_31szEM1y9yXpBws,ACC 6350 Mgmt Control Sys (if taken as an elective),Most Beneficial,1
R_31szEM1y9yXpBws,ACC 6610 Finance Statement Research,Neutral,1
R_31szEM1y9yXpBws,ACC 6140 Fraud Exam & Forensic Acc,Did not take,7
R_31szEM1y9yXpBws,ACC 6250 Financial Reporting and Analysis,Did not take,1
R_31szEM1y9yXpBws,ACC 6410 Tax Research & Procedure,Did not take,2
R_31szEM1y9yXpBws,ACC 6420 Corporate Tax,Did not take,3
R_31szEM1y9yXpBws,ACC 6440 Partnership Tax,Did not take,4
R_31szEM1y9yXpBws,ACC 6600 Business Law for Accountants (if taken as an elective),Did not take,6
R_31szEM1y9yXpBws,ACC 679R Special Topics,Did not take,5
R_4OeypJML6RIwjtf,ACC 6060 Professionalism and Leadership,Most Beneficial,1
R_4OeypJML6RIwjtf,ACC 6350 Managment Control Systems,Most Beneficial,3
R_4OeypJML6RIwjtf,ACC 6400 Advanced Tax Business Entities,Most Beneficial,2
R_4OeypJML6RIwjtf,ACC 6300 Data Analytics,Neutral,3
R_4OeypJML6RIwjtf,ACC 6540 Professional Ethics,Neutral,1
R_4OeypJML6RIwjtf,ACC 6560 Financial Theory & Research I,Neutral,2
R_4OeypJML6RIwjtf,ACC 6510 Financial Audit,Least Beneficial,1
R_4OeypJML6RIwjtf,ACC 6600 Business Law for Accountants,Did not take,1
R_4OeypJML6RIwjtf,ACC 6030 Financial Accounting Reporting,Most Beneficial,1
R_4OeypJML6RIwjtf,ACC 6250 Financial Reporting and Analysis,Neutral,1
R_4OeypJML6RIwjtf,ACC 6610 Finance Statement Research,Least Beneficial,1
R_4OeypJML6RIwjtf,ACC 6140 Fraud Exam & Forensic Acc,Did not take,6
R_4OeypJML6RIwjtf,ACC 6150 Info Sys Audit,Did not take,8
R_4OeypJML6RIwjtf,ACC 6350 Mgmt Control Sys (if taken as an elective),Did not take,1
R_4OeypJML6RIwjtf,ACC 6410 Tax Research & Procedure,Did not take,2
R_4OeypJML6RIwjtf,ACC 6420 Corporate Tax,Did not take,3
R_4OeypJML6RIwjtf,ACC 6440 Partnership Tax,Did not take,4
R_4OeypJML6RIwjtf,ACC 6600 Business Law for Accountants (if taken as an elective),Did not take,5
R_4OeypJML6RIwjtf,ACC 679R Special Topics,Did not take,7
R_BQd4EihdLYV77dD,ACC 6060 Professionalism and Leadership,Most Beneficial,5
R_BQd4EihdLYV77dD,ACC 6300 Data Analytics,Most Beneficial,1
R_BQd4EihdLYV77dD,ACC 6400 Advanced Tax Business Entities,Most Beneficial,4
R_BQd4EihdLYV77dD,ACC 6510 Financial Audit,Most Beneficial,3
R_BQd4EihdLYV77dD,ACC 6560 Financial Theory & Research I,Most Beneficial,2
R_BQd4EihdLYV77dD,ACC 6350 Managment Control Systems,Neutral,1
R_BQd4EihdLYV77dD,ACC 6540 Professional Ethics,Neutral,2
R_BQd4EihdLYV77dD,ACC 6600 Business Law for Accountants,Did not take,1
R_BQd4EihdLYV77dD,ACC 6140 Fraud Exam & Forensic Acc,Most Beneficial,1
R_BQd4EihdLYV77dD,ACC 6030 Financial Accounting Reporting,Neutral,1
R_BQd4EihdLYV77dD,ACC 6610 Finance Statement Research,Least Beneficial,1
R_BQd4EihdLYV77dD,ACC 6150 Info Sys Audit,Did not take,3
R_BQd4EihdLYV77dD,ACC 6250 Financial Reporting and Analysis,Did not take,1
R_BQd4EihdLYV77dD,ACC 6350 Mgmt Control Sys (if taken as an elective),Did not take,2
R_BQd4EihdLYV77dD,ACC 6410 Tax Research & Procedure,Did not take,8
R_BQd4EihdLYV77dD,ACC 6420 Corporate Tax,Did not take,7
R_BQd4EihdLYV77dD,ACC 6440 Partnership Tax,Did not take,4
R_BQd4EihdLYV77dD,ACC 6600 Business Law for Accountants (if taken as an elective),Did not take,5
R_BQd4EihdLYV77dD,ACC 679R Special Topics,Did not take,6
R_RIdtUppSkBbkFe9,ACC 6060 Professionalism and Leadership,Most Beneficial,1
R_RIdtUppSkBbkFe9,ACC 6350 Managment Control Systems,Most Beneficial,2
R_RIdtUppSkBbkFe9,ACC 6300 Data Analytics,Neutral,2
R_RIdtUppSkBbkFe9,ACC 6400 Advanced Tax Business Entities,Neutral,1
R_RIdtUppSkBbkFe9,ACC 6510 Financial Audit,Neutral,3
R_RIdtUppSkBbkFe9,ACC 6600 Business Law for Accountants,Neutral,4
R_RIdtUppSkBbkFe9,ACC 6540 Professional Ethics,Least Beneficial,1
R_RIdtUppSkBbkFe9,ACC 6560 Financial Theory & Research I,Least Beneficial,2
R_RIdtUppSkBbkFe9,ACC 6030 Financial Accounting Reporting,Most Beneficial,1
R_RIdtUppSkBbkFe9,ACC 6350 Mgmt Control Sys (if taken as an elective),Neutral,1
R_RIdtUppSkBbkFe9,ACC 6600 Business Law for Accountants (if taken as an elective),Neutral,2
R_RIdtUppSkBbkFe9,ACC 6140 Fraud Exam & Forensic Acc,Least Beneficial,1
R_RIdtUppSkBbkFe9,ACC 6150 Info Sys Audit,Did not take,2
R_RIdtUppSkBbkFe9,ACC 6250 Financial Reporting and Analysis,Did not take,3
R_RIdtUppSkBbkFe9,ACC 6410 Tax Research & Procedure,Did not take,5
R_RIdtUppSkBbkFe9,ACC 6420 Corporate Tax,Did not take,1
R_RIdtUppSkBbkFe9,ACC 6440 Partnership Tax,Did not take,7
R_RIdtUppSkBbkFe9,ACC 6610 Finance Statement Research,Did not take,6
R_RIdtUppSkBbkFe9,ACC 679R Special Topics,Did not take,4
R_ZC5FIGd6M7Gahbz,ACC 6300 Data Analytics,Most Beneficial,2
R_ZC5FIGd6M7Gahbz,ACC 6400 Advanced Tax Business Entities,Most Beneficial,1
R_ZC5FIGd6M7Gahbz,ACC 6060 Professionalism and Leadership,Neutral,2
R_ZC5FIGd6M7Gahbz,ACC 6510 Financial Audit,Neutral,1
R_ZC5FIGd6M7Gahbz,ACC 6540 Professional Ethics,Neutral,3
R_ZC5FIGd6M7Gahbz,ACC 6350 Managment Control Systems,Least Beneficial,2
R_ZC5FIGd6M7Gahbz,ACC 6560 Financial Theory & Research I,Least Beneficial,1
R_ZC5FIGd6M7Gahbz,ACC 6600 Business Law for Accountants,Did not take,1
R_ZC5FIGd6M7Gahbz,ACC 6150 Info Sys Audit,Most Beneficial,1
R_ZC5FIGd6M7Gahbz,ACC 6030 Financial Accounting Reporting,Least Beneficial,2
R_ZC5FIGd6M7Gahbz,ACC 6610 Finance Statement Research,Least Beneficial,1
R_ZC5FIGd6M7Gahbz,ACC 6140 Fraud Exam & Forensic Acc,Did not take,8
R_ZC5FIGd6M7Gahbz,ACC 6250 Financial Reporting and Analysis,Did not take,2
R_ZC5FIGd6M7Gahbz,ACC 6350 Mgmt Control Sys (if taken as an elective),Did not take,1
R_ZC5FIGd6M7Gahbz,ACC 6410 Tax Research & Procedure,Did not take,6
R_ZC5FIGd6M7Gahbz,ACC 6420 Corporate Tax,Did not take,5
R_ZC5FIGd6M7Gahbz,ACC 6440 Partnership Tax,Did not take,4
R_ZC5FIGd6M7Gahbz,ACC 6600 Business Law for Accountants (if taken as an elective),Did not take,7
R_ZC5FIGd6M7Gahbz,ACC 679R Special Topics,Did not take,3
R_1DPaMyzUC79ByYv,ACC 6300 Data Analytics,Most Beneficial,1
R_1DPaMyzUC79ByYv,ACC 6400 Advanced Tax Business Entities,Most Beneficial,2
R_1DPaMyzUC79ByYv,ACC 6060 Professionalism and Leadership,Neutral,1
R_1DPaMyzUC79ByYv,ACC 6540 Professional Ethics,Neutral,2
R_1DPaMyzUC79ByYv,ACC 6350 Managment Control Systems,Least Beneficial,3
R_1DPaMyzUC79ByYv,ACC 6510 Financial Audit,Least Beneficial,2
R_1DPaMyzUC79ByYv,ACC 6560 Financial Theory & Research I,Least Beneficial,1
R_1DPaMyzUC79ByYv,ACC 6600 Business Law for Accountants,Did not take,1
R_1DPaMyzUC79ByYv,ACC 6410 Tax Research & Procedure,Most Beneficial,2
R_1DPaMyzUC79ByYv,ACC 6420 Corporate Tax,Most Beneficial,1
R_1DPaMyzUC79ByYv,ACC 6350 Mgmt Control Sys (if taken as an elective),Least Beneficial,2
R_1DPaMyzUC79ByYv,ACC 6440 Partnership Tax,Least Beneficial,1
R_1DPaMyzUC79ByYv,ACC 6030 Financial Accounting Reporting,Did not take,6
R_1DPaMyzUC79ByYv,ACC 6140 Fraud Exam & Forensic Acc,Did not take,7
R_1DPaMyzUC79ByYv,ACC 6150 Info Sys Audit,Did not take,5
R_1DPaMyzUC79ByYv,ACC 6250 Financial Reporting and Analysis,Did not take,2
R_1DPaMyzUC79ByYv,ACC 6600 Business Law for Accountants (if taken as an elective),Did not take,1
R_1DPaMyzUC79ByYv,ACC 6610 Finance Statement Research,Did not take,3
R_1DPaMyzUC79ByYv,ACC 679R Special Topics,Did not take,4
R_Y0mKxjKE0GWjGFz,ACC 6300 Data Analytics,Most Beneficial,2
R_Y0mKxjKE0GWjGFz,ACC 6400 Advanced Tax Business Entities,Most Beneficial,1
R_Y0mKxjKE0GWjGFz,ACC 6560 Financial Theory & Research I,Most Beneficial,3
R_Y0mKxjKE0GWjGFz,ACC 6060 Professionalism and Leadership,Neutral,2
R_Y0mKxjKE0GWjGFz,ACC 6350 Managment Control Systems,Neutral,1
R_Y0mKxjKE0GWjGFz,ACC 6510 Financial Audit,Least Beneficial,2
R_Y0mKxjKE0GWjGFz,ACC 6540 Professional Ethics,Least Beneficial,1
R_Y0mKxjKE0GWjGFz,ACC 6600 Business Law for Accountants,Did not take,1
R_Y0mKxjKE0GWjGFz,ACC 6150 Info Sys Audit,Most Beneficial,2
R_Y0mKxjKE0GWjGFz,ACC 6610 Finance Statement Research,Most Beneficial,3
R_Y0mKxjKE0GWjGFz,ACC 679R Special Topics,Most Beneficial,1
R_Y0mKxjKE0GWjGFz,ACC 6250 Financial Reporting and Analysis,Neutral,1
R_Y0mKxjKE0GWjGFz,ACC 6030 Financial Accounting Reporting,Did not take,6
R_Y0mKxjKE0GWjGFz,ACC 6140 Fraud Exam & Forensic Acc,Did not take,7
R_Y0mKxjKE0GWjGFz,ACC 6350 Mgmt Control Sys (if taken as an elective),Did not take,1
R_Y0mKxjKE0GWjGFz,ACC 6410 Tax Research & Procedure,Did not take,2
R_Y0mKxjKE0GWjGFz,ACC 6420 Corporate Tax,Did not take,5
R_Y0mKxjKE0GWjGFz,ACC 6440 Partnership Tax,Did not take,4
R_Y0mKxjKE0GWjGFz,ACC 6600 Business Law for Accountants (if taken as an elective),Did not take,3
R_1mPYsFUJVmuD0pu,ACC 6060 Professionalism and Leadership,Most Beneficial,6
R_1mPYsFUJVmuD0pu,ACC 6300 Data Analytics,Most Beneficial,1
R_1mPYsFUJVmuD0pu,ACC 6400 Advanced Tax Business Entities,Most Beneficial,5
R_1mPYsFUJVmuD0pu,ACC 6510 Financial Audit,Most Beneficial,2
R_1mPYsFUJVmuD0pu,ACC 6560 Financial Theory & Research I,Most Beneficial,3
R_1mPYsFUJVmuD0pu,ACC 6600 Business Law for Accountants,Most Beneficial,4
R_1mPYsFUJVmuD0pu,ACC 6540 Professional Ethics,Neutral,1
R_1mPYsFUJVmuD0pu,ACC 6350 Managment Control Systems,Did not take,1
R_1mPYsFUJVmuD0pu,ACC 6030 Financial Accounting Reporting,Most Beneficial,1
R_1mPYsFUJVmuD0pu,ACC 6150 Info Sys Audit,Most Beneficial,3
R_1mPYsFUJVmuD0pu,ACC 6600 Business Law for Accountants (if taken as an elective),Most Beneficial,4
R_1mPYsFUJVmuD0pu,ACC 6610 Finance Statement Research,Most Beneficial,2
R_1mPYsFUJVmuD0pu,ACC 6140 Fraud Exam & Forensic Acc,Did not take,7
R_1mPYsFUJVmuD0pu,ACC 6250 Financial Reporting and Analysis,Did not take,2
R_1mPYsFUJVmuD0pu,ACC 6350 Mgmt Control Sys (if taken as an elective),Did not take,6
R_1mPYsFUJVmuD0pu,ACC 6410 Tax Research & Procedure,Did not take,5
R_1mPYsFUJVmuD0pu,ACC 6420 Corporate Tax,Did not take,4
R_1mPYsFUJVmuD0pu,ACC 6440 Partnership Tax,Did not take,3
R_1mPYsFUJVmuD0pu,ACC 679R Special Topics,Did not take,1
R_2xXjIzJcfc7Hne6,ACC 6060 Professionalism and Leadership,Most Beneficial,2
R_2xXjIzJcfc7Hne6,ACC 6350 Managment Control Systems,Most Beneficial,3
R_2xXjIzJcfc7Hne6,ACC 6400 Advanced Tax Business Entities,Most Beneficial,1
R_2xXjIzJcfc7Hne6,ACC 6300 Data Analytics,Neutral,1
R_2xXjIzJcfc7Hne6,ACC 6510 Financial Audit,Neutral,2
R_2xXjIzJcfc7Hne6,ACC 6540 Professional Ethics,Least Beneficial,1
R_2xXjIzJcfc7Hne6,ACC 6560 Financial Theory & Research I,Least Beneficial,2
R_2xXjIzJcfc7Hne6,ACC 6600 Business Law for Accountants,Did not take,1
R_2xXjIzJcfc7Hne6,ACC 6150 Info Sys Audit,Most Beneficial,1
R_2xXjIzJcfc7Hne6,ACC 6030 Financial Accounting Reporting,Neutral,1
R_2xXjIzJcfc7Hne6,ACC 6610 Finance Statement Research,Neutral,2
R_2xXjIzJcfc7Hne6,ACC 6140 Fraud Exam & Forensic Acc,Did not take,8
R_2xXjIzJcfc7Hne6,ACC 6250 Financial Reporting and Analysis,Did not take,7
R_2xXjIzJcfc7Hne6,ACC 6350 Mgmt Control Sys (if taken as an elective),Did not take,1
R_2xXjIzJcfc7Hne6,ACC 6410 Tax Research & Procedure,Did not take,5
R_2xXjIzJcfc7Hne6,ACC 6420 Corporate Tax,Did not take,3
R_2xXjIzJcfc7Hne6,ACC 6440 Partnership Tax,Did not take,6
R_2xXjIzJcfc7Hne6,ACC 6600 Business Law for Accountants (if taken as an elective),Did not take,4
R_2xXjIzJcfc7Hne6,ACC 679R Special Topics,Did not take,2
R_WcHisVxCtJtwasx,ACC 6060 Professionalism and Leadership,Most Beneficial,1
R_WcHisVxCtJtwasx,ACC 6300 Data Analytics,Most Beneficial,2
R_WcHisVxCtJtwasx,ACC 6400 Advanced Tax Business Entities,Most Beneficial,4
R_WcHisVxCtJtwasx,ACC 6510 Financial Audit,Most Beneficial,3
R_WcHisVxCtJtwasx,ACC 6540 Professional Ethics,Most Beneficial,5
R_WcHisVxCtJtwasx,ACC 6560 Financial Theory & Research I,Most Beneficial,6
R_WcHisVxCtJtwasx,ACC 6350 Managment Control Systems,Neutral,1
R_WcHisVxCtJtwasx,ACC 6600 Business Law for Accountants,Did not take,1
R_WcHisVxCtJtwasx,ACC 6030 Financial Accounting Reporting,Most Beneficial,2
R_WcHisVxCtJtwasx,ACC 6150 Info Sys Audit,Most Beneficial,1
R_WcHisVxCtJtwasx,ACC 6250 Financial Reporting and Analysis,Neutral,1
R_WcHisVxCtJtwasx,ACC 6140 Fraud Exam & Forensic Acc,Did not take,1
R_WcHisVxCtJtwasx,ACC 6350 Mgmt Control Sys (if taken as an elective),Did not take,2
R_WcHisVxCtJtwasx,ACC 6410 Tax Research & Procedure,Did not take,3
R_WcHisVxCtJtwasx,ACC 6420 Corporate Tax,Did not take,4
R_WcHisVxCtJtwasx,ACC 6440 Partnership Tax,Did not take,5
R_WcHisVxCtJtwasx,ACC 6600 Business Law for Accountants (if taken as an elective),Did not take,6
R_WcHisVxCtJtwasx,ACC 6610 Finance Statement Research,Did not take,7
R_WcHisVxCtJtwasx,ACC 679R Special Topics,Did not take,8
R_3oRVDzOEkeG1Dhx,ACC 6060 Professionalism and Leadership,Most Beneficial,1
R_3oRVDzOEkeG1Dhx,ACC 6350 Managment Control Systems,Most Beneficial,2
R_3oRVDzOEkeG1Dhx,ACC 6400 Advanced Tax Business Entities,Neutral,2
R_3oRVDzOEkeG1Dhx,ACC 6510 Financial Audit,Neutral,1
R_3oRVDzOEkeG1Dhx,ACC 6560 Financial Theory & Research I,Least Beneficial,1
R_3oRVDzOEkeG1Dhx,ACC 6300 Data Analytics,Did not take,2
R_3oRVDzOEkeG1Dhx,ACC 6540 Professional Ethics,Did not take,1
R_3oRVDzOEkeG1Dhx,ACC 6600 Business Law for Accountants,Did not take,3
R_3oRVDzOEkeG1Dhx,ACC 6350 Mgmt Control Sys (if taken as an elective),Most Beneficial,2
R_3oRVDzOEkeG1Dhx,ACC 6420 Corporate Tax,Most Beneficial,1
R_3oRVDzOEkeG1Dhx,ACC 6250 Financial Reporting and Analysis,Neutral,1
R_3oRVDzOEkeG1Dhx,ACC 6030 Financial Accounting Reporting,Did not take,1
R_3oRVDzOEkeG1Dhx,ACC 6140 Fraud Exam & Forensic Acc,Did not take,2
R_3oRVDzOEkeG1Dhx,ACC 6150 Info Sys Audit,Did not take,8
R_3oRVDzOEkeG1Dhx,ACC 6410 Tax Research & Procedure,Did not take,6
R_3oRVDzOEkeG1Dhx,ACC 6440 Partnership Tax,Did not take,7
R_3oRVDzOEkeG1Dhx,ACC 6600 Business Law for Accountants (if taken as an elective),Did not take,5
R_3oRVDzOEkeG1Dhx,ACC 6610 Finance Statement Research,Did not take,3
R_3oRVDzOEkeG1Dhx,ACC 679R Special Topics,Did not take,4
R_2DZw7tGZafQEFpr,ACC 6060 Professionalism and Leadership,Most Beneficial,2
R_2DZw7tGZafQEFpr,ACC 6300 Data Analytics,Most Beneficial,1
R_2DZw7tGZafQEFpr,ACC 6350 Managment Control Systems,Most Beneficial,3
R_2DZw7tGZafQEFpr,ACC 6540 Professional Ethics,Most Beneficial,4
R_2DZw7tGZafQEFpr,ACC 6600 Business Law for Accountants,Most Beneficial,5
R_2DZw7tGZafQEFpr,ACC 6400 Advanced Tax Business Entities,Neutral,2
R_2DZw7tGZafQEFpr,ACC 6560 Financial Theory & Research I,Neutral,1
R_2DZw7tGZafQEFpr,ACC 6510 Financial Audit,Least Beneficial,1
R_2DZw7tGZafQEFpr,ACC 6350 Mgmt Control Sys (if taken as an elective),Most Beneficial,1
R_2DZw7tGZafQEFpr,ACC 6600 Business Law for Accountants (if taken as an elective),Most Beneficial,2
R_2DZw7tGZafQEFpr,ACC 6140 Fraud Exam & Forensic Acc,Neutral,2
R_2DZw7tGZafQEFpr,ACC 6610 Finance Statement Research,Neutral,1
R_2DZw7tGZafQEFpr,ACC 6030 Financial Accounting Reporting,Did not take,7
R_2DZw7tGZafQEFpr,ACC 6150 Info Sys Audit,Did not take,6
R_2DZw7tGZafQEFpr,ACC 6250 Financial Reporting and Analysis,Did not take,5
R_2DZw7tGZafQEFpr,ACC 6410 Tax Research & Procedure,Did not take,4
R_2DZw7tGZafQEFpr,ACC 6420 Corporate Tax,Did not take,1
R_2DZw7tGZafQEFpr,ACC 6440 Partnership Tax,Did not take,3
R_2DZw7tGZafQEFpr,ACC 679R Special Topics,Did not take,2
R_1N8403uZRm3OtPR,ACC 6060 Professionalism and Leadership,Most Beneficial,3
R_1N8403uZRm3OtPR,ACC 6300 Data Analytics,Most Beneficial,2
R_1N8403uZRm3OtPR,ACC 6400 Advanced Tax Business Entities,Most Beneficial,4
R_1N8403uZRm3OtPR,ACC 6600 Business Law for Accountants,Most Beneficial,1
R_1N8403uZRm3OtPR,ACC 6510 Financial Audit,Neutral,1
R_1N8403uZRm3OtPR,ACC 6350 Managment Control Systems,Least Beneficial,1
R_1N8403uZRm3OtPR,ACC 6540 Professional Ethics,Least Beneficial,2
R_1N8403uZRm3OtPR,ACC 6560 Financial Theory & Research I,Did not take,1
R_1N8403uZRm3OtPR,ACC 6150 Info Sys Audit,Most Beneficial,1
R_1N8403uZRm3OtPR,ACC 6250 Financial Reporting and Analysis,Most Beneficial,2
R_1N8403uZRm3OtPR,ACC 6030 Financial Accounting Reporting,Neutral,1
R_1N8403uZRm3OtPR,ACC 6610 Finance Statement Research,Least Beneficial,1
R_1N8403uZRm3OtPR,ACC 6140 Fraud Exam & Forensic Acc,Did not take,6
R_1N8403uZRm3OtPR,ACC 6350 Mgmt Control Sys (if taken as an elective),Did not take,1
R_1N8403uZRm3OtPR,ACC 6410 Tax Research & Procedure,Did not take,4
R_1N8403uZRm3OtPR,ACC 6420 Corporate Tax,Did not take,3
R_1N8403uZRm3OtPR,ACC 6440 Partnership Tax,Did not take,5
R_1N8403uZRm3OtPR,ACC 6600 Business Law for Accountants (if taken as an elective),Did not take,2
R_1N8403uZRm3OtPR,ACC 679R Special Topics,Did not take,7
R_1Qfixkibo4kRk7p,ACC 6060 Professionalism and Leadership,Most Beneficial,2
R_1Qfixkibo4kRk7p,ACC 6400 Advanced Tax Business Entities,Most Beneficial,4
R_1Qfixkibo4kRk7p,ACC 6510 Financial Audit,Most Beneficial,1
R_1Qfixkibo4kRk7p,ACC 6600 Business Law for Accountants,Most Beneficial,3
R_1Qfixkibo4kRk7p,ACC 6300 Data Analytics,Neutral,1
R_1Qfixkibo4kRk7p,ACC 6560 Financial Theory & Research I,Neutral,2
R_1Qfixkibo4kRk7p,ACC 6540 Professional Ethics,Least Beneficial,1
R_1Qfixkibo4kRk7p,ACC 6350 Managment Control Systems,Did not take,1
R_1Qfixkibo4kRk7p,ACC 6150 Info Sys Audit,Most Beneficial,1
R_1Qfixkibo4kRk7p,ACC 6030 Financial Accounting Reporting,Neutral,1
R_1Qfixkibo4kRk7p,ACC 6440 Partnership Tax,Neutral,2
R_1Qfixkibo4kRk7p,ACC 6140 Fraud Exam & Forensic Acc,Did not take,8
R_1Qfixkibo4kRk7p,ACC 6250 Financial Reporting and Analysis,Did not take,6
R_1Qfixkibo4kRk7p,ACC 6350 Mgmt Control Sys (if taken as an elective),Did not take,7
R_1Qfixkibo4kRk7p,ACC 6410 Tax Research & Procedure,Did not take,5
R_1Qfixkibo4kRk7p,ACC 6420 Corporate Tax,Did not take,1
R_1Qfixkibo4kRk7p,ACC 6600 Business Law for Accountants (if taken as an elective),Did not take,2
R_1Qfixkibo4kRk7p,ACC 6610 Finance Statement Research,Did not take,4
R_1Qfixkibo4kRk7p,ACC 679R Special Topics,Did not take,3
R_3g9gptAfliPJd8l,ACC 6060 Professionalism and Leadership,Most Beneficial,3
R_3g9gptAfliPJd8l,ACC 6300 Data Analytics,Most Beneficial,2
R_3g9gptAfliPJd8l,ACC 6350 Managment Control Systems,Most Beneficial,1
R_3g9gptAfliPJd8l,ACC 6560 Financial Theory & Research I,Neutral,1
R_3g9gptAfliPJd8l,ACC 6510 Financial Audit,Least Beneficial,2
R_3g9gptAfliPJd8l,ACC 6540 Professional Ethics,Least Beneficial,1
R_3g9gptAfliPJd8l,ACC 6400 Advanced Tax Business Entities,Did not take,1
R_3g9gptAfliPJd8l,ACC 6600 Business Law for Accountants,Did not take,2
R_3g9gptAfliPJd8l,ACC 6140 Fraud Exam & Forensic Acc,Most Beneficial,2
R_3g9gptAfliPJd8l,ACC 6350 Mgmt Control Sys (if taken as an elective),Most Beneficial,1
R_3g9gptAfliPJd8l,ACC 6030 Financial Accounting Reporting,Neutral,1
R_3g9gptAfliPJd8l,ACC 6610 Finance Statement Research,Least Beneficial,1
R_3g9gptAfliPJd8l,ACC 6150 Info Sys Audit,Did not take,7
R_3g9gptAfliPJd8l,ACC 6250 Financial Reporting and Analysis,Did not take,2
R_3g9gptAfliPJd8l,ACC 6410 Tax Research & Procedure,Did not take,6
R_3g9gptAfliPJd8l,ACC 6420 Corporate Tax,Did not take,5
R_3g9gptAfliPJd8l,ACC 6440 Partnership Tax,Did not take,4
R_3g9gptAfliPJd8l,ACC 6600 Business Law for Accountants (if taken as an elective),Did not take,3
R_3g9gptAfliPJd8l,ACC 679R Special Topics,Did not take,1
R_2uUJQp0M1S3UrnV,ACC 6060 Professionalism and Leadership,Most Beneficial,1
R_2uUJQp0M1S3UrnV,ACC 6350 Managment Control Systems,Most Beneficial,2
R_2uUJQp0M1S3UrnV,ACC 6560 Financial Theory & Research I,Most Beneficial,3
R_2uUJQp0M1S3UrnV,ACC 6400 Advanced Tax Business Entities,Neutral,2
R_2uUJQp0M1S3UrnV,ACC 6510 Financial Audit,Neutral,1
R_2uUJQp0M1S3UrnV,ACC 6540 Professional Ethics,Least Beneficial,1
R_2uUJQp0M1S3UrnV,ACC 6300 Data Analytics,Did not take,1
R_2uUJQp0M1S3UrnV,ACC 6600 Business Law for Accountants,Did not take,2
R_2uUJQp0M1S3UrnV,ACC 6150 Info Sys Audit,Most Beneficial,1
R_2uUJQp0M1S3UrnV,ACC 6030 Financial Accounting Reporting,Neutral,1
R_2uUJQp0M1S3UrnV,ACC 6250 Financial Reporting and Analysis,Neutral,2
R_2uUJQp0M1S3UrnV,ACC 6140 Fraud Exam & Forensic Acc,Least Beneficial,1
R_2uUJQp0M1S3UrnV,ACC 6350 Mgmt Control Sys (if taken as an elective),Did not take,7
R_2uUJQp0M1S3UrnV,ACC 6410 Tax Research & Procedure,Did not take,6
R_2uUJQp0M1S3UrnV,ACC 6420 Corporate Tax,Did not take,4
R_2uUJQp0M1S3UrnV,ACC 6440 Partnership Tax,Did not take,5
R_2uUJQp0M1S3UrnV,ACC 6600 Business Law for Accountants (if taken as an elective),Did not take,3
R_2uUJQp0M1S3UrnV,ACC 6610 Finance Statement Research,Did not take,2
R_2uUJQp0M1S3UrnV,ACC 679R Special Topics,Did not take,1
R_3qwzesjZQYFVLER,ACC 6350 Managment Control Systems,Neutral,1
R_3qwzesjZQYFVLER,ACC 6510 Financial Audit,Neutral,2
R_3qwzesjZQYFVLER,ACC 6060 Professionalism and Leadership,Least Beneficial,2
R_3qwzesjZQYFVLER,ACC 6540 Professional Ethics,Least Beneficial,1
R_3qwzesjZQYFVLER,ACC 6560 Financial Theory & Research I,Least Beneficial,3
R_3qwzesjZQYFVLER,ACC 6300 Data Analytics,Did not take,2
R_3qwzesjZQYFVLER,ACC 6400 Advanced Tax Business Entities,Did not take,3
R_3qwzesjZQYFVLER,ACC 6600 Business Law for Accountants,Did not take,1
R_3qwzesjZQYFVLER,ACC 6150 Info Sys Audit,Most Beneficial,2
R_3qwzesjZQYFVLER,ACC 6600 Business Law for Accountants (if taken as an elective),Most Beneficial,1
R_3qwzesjZQYFVLER,ACC 6410 Tax Research & Procedure,Neutral,1
R_3qwzesjZQYFVLER,ACC 6030 Financial Accounting Reporting,Did not take,1
R_3qwzesjZQYFVLER,ACC 6140 Fraud Exam & Forensic Acc,Did not take,8
R_3qwzesjZQYFVLER,ACC 6250 Financial Reporting and Analysis,Did not take,2
R_3qwzesjZQYFVLER,ACC 6350 Mgmt Control Sys (if taken as an elective),Did not take,7
R_3qwzesjZQYFVLER,ACC 6420 Corporate Tax,Did not take,6
R_3qwzesjZQYFVLER,ACC 6440 Partnership Tax,Did not take,5
R_3qwzesjZQYFVLER,ACC 6610 Finance Statement Research,Did not take,4
R_3qwzesjZQYFVLER,ACC 679R Special Topics,Did not take,3
R_2E0hSc2i5Q8PFpf,ACC 6060 Professionalism and Leadership,Most Beneficial,2
R_2E0hSc2i5Q8PFpf,ACC 6350 Managment Control Systems,Most Beneficial,3
R_2E0hSc2i5Q8PFpf,ACC 6510 Financial Audit,Most Beneficial,1
R_2E0hSc2i5Q8PFpf,ACC 6300 Data Analytics,Neutral,2
R_2E0hSc2i5Q8PFpf,ACC 6560 Financial Theory & Research I,Neutral,1
R_2E0hSc2i5Q8PFpf,ACC 6400 Advanced Tax Business Entities,Did not take,2
R_2E0hSc2i5Q8PFpf,ACC 6540 Professional Ethics,Did not take,1
R_2E0hSc2i5Q8PFpf,ACC 6600 Business Law for Accountants,Did not take,3
R_2E0hSc2i5Q8PFpf,ACC 6140 Fraud Exam & Forensic Acc,Most Beneficial,2
R_2E0hSc2i5Q8PFpf,ACC 6610 Finance Statement Research,Most Beneficial,1
R_2E0hSc2i5Q8PFpf,ACC 6030 Financial Accounting Reporting,Neutral,2
R_2E0hSc2i5Q8PFpf,ACC 6250 Financial Reporting and Analysis,Neutral,1
R_2E0hSc2i5Q8PFpf,ACC 6420 Corporate Tax,Neutral,3
R_2E0hSc2i5Q8PFpf,ACC 6150 Info Sys Audit,Did not take,6
R_2E0hSc2i5Q8PFpf,ACC 6350 Mgmt Control Sys (if taken as an elective),Did not take,5
R_2E0hSc2i5Q8PFpf,ACC 6410 Tax Research & Procedure,Did not take,3
R_2E0hSc2i5Q8PFpf,ACC 6440 Partnership Tax,Did not take,4
R_2E0hSc2i5Q8PFpf,ACC 6600 Business Law for Accountants (if taken as an elective),Did not take,2
R_2E0hSc2i5Q8PFpf,ACC 679R Special Topics,Did not take,1
R_UsE2XlHivjEohBD,ACC 6060 Professionalism and Leadership,Most Beneficial,2
R_UsE2XlHivjEohBD,ACC 6350 Managment Control Systems,Most Beneficial,3
R_UsE2XlHivjEohBD,ACC 6400 Advanced Tax Business Entities,Most Beneficial,1
R_UsE2XlHivjEohBD,ACC 6560 Financial Theory & Research I,Most Beneficial,4
R_UsE2XlHivjEohBD,ACC 6540 Professional Ethics,Neutral,1
R_UsE2XlHivjEohBD,ACC 6510 Financial Audit,Least Beneficial,1
R_UsE2XlHivjEohBD,ACC 6300 Data Analytics,Did not take,2
R_UsE2XlHivjEohBD,ACC 6600 Business Law for Accountants,Did not take,1
R_UsE2XlHivjEohBD,ACC 6140 Fraud Exam & Forensic Acc,Most Beneficial,3
R_UsE2XlHivjEohBD,ACC 6420 Corporate Tax,Most Beneficial,2
R_UsE2XlHivjEohBD,ACC 6440 Partnership Tax,Most Beneficial,1
R_UsE2XlHivjEohBD,ACC 6030 Financial Accounting Reporting,Neutral,1
R_UsE2XlHivjEohBD,ACC 6150 Info Sys Audit,Did not take,7
R_UsE2XlHivjEohBD,ACC 6250 Financial Reporting and Analysis,Did not take,6
R_UsE2XlHivjEohBD,ACC 6350 Mgmt Control Sys (if taken as an elective),Did not take,5
R_UsE2XlHivjEohBD,ACC 6410 Tax Research & Procedure,Did not take,4
R_UsE2XlHivjEohBD,ACC 6600 Business Law for Accountants (if taken as an elective),Did not take,3
R_UsE2XlHivjEohBD,ACC 6610 Finance Statement Research,Did not take,2
R_UsE2XlHivjEohBD,ACC 679R Special Topics,Did not take,1
R_2Y9CElt8L5G6sNn,ACC 6600 Business Law for Accountants,Most Beneficial,1
R_2Y9CElt8L5G6sNn,ACC 6060 Professionalism and Leadership,Neutral,4
R_2Y9CElt8L5G6sNn,ACC 6510 Financial Audit,Neutral,2
R_2Y9CElt8L5G6sNn,ACC 6540 Professional Ethics,Neutral,1
R_2Y9CElt8L5G6sNn,ACC 6560 Financial Theory & Research I,Neutral,3
R_2Y9CElt8L5G6sNn,ACC 6350 Managment Control Systems,Least Beneficial,1
R_2Y9CElt8L5G6sNn,ACC 6300 Data Analytics,Did not take,2
R_2Y9CElt8L5G6sNn,ACC 6400 Advanced Tax Business Entities,Did not take,1
R_2Y9CElt8L5G6sNn,ACC 6030 Financial Accounting Reporting,Most Beneficial,2
R_2Y9CElt8L5G6sNn,ACC 6440 Partnership Tax,Most Beneficial,1
R_2Y9CElt8L5G6sNn,ACC 6410 Tax Research & Procedure,Neutral,1
R_2Y9CElt8L5G6sNn,ACC 6420 Corporate Tax,Least Beneficial,1
R_2Y9CElt8L5G6sNn,ACC 6140 Fraud Exam & Forensic Acc,Did not take,7
R_2Y9CElt8L5G6sNn,ACC 6150 Info Sys Audit,Did not take,6
R_2Y9CElt8L5G6sNn,ACC 6250 Financial Reporting and Analysis,Did not take,5
R_2Y9CElt8L5G6sNn,ACC 6350 Mgmt Control Sys (if taken as an elective),Did not take,4
R_2Y9CElt8L5G6sNn,ACC 6600 Business Law for Accountants (if taken as an elective),Did not take,3
R_2Y9CElt8L5G6sNn,ACC 6610 Finance Statement Research,Did not take,2
R_2Y9CElt8L5G6sNn,ACC 679R Special Topics,Did not take,1
R_2amBVoLxo64UmaP,ACC 6060 Professionalism and Leadership,Most Beneficial,2
R_2amBVoLxo64UmaP,ACC 6400 Advanced Tax Business Entities,Most Beneficial,1
R_2amBVoLxo64UmaP,ACC 6300 Data Analytics,Neutral,3
R_2amBVoLxo64UmaP,ACC 6350 Managment Control Systems,Neutral,5
R_2amBVoLxo64UmaP,ACC 6510 Financial Audit,Neutral,1
R_2amBVoLxo64UmaP,ACC 6540 Professional Ethics,Neutral,4
R_2amBVoLxo64UmaP,ACC 6560 Financial Theory & Research I,Neutral,2
R_2amBVoLxo64UmaP,ACC 6600 Business Law for Accountants,Did not take,1
R_2amBVoLxo64UmaP,ACC 6410 Tax Research & Procedure,Most Beneficial,1
R_2amBVoLxo64UmaP,ACC 6440 Partnership Tax,Most Beneficial,2
R_2amBVoLxo64UmaP,ACC 6030 Financial Accounting Reporting,Neutral,1
R_2amBVoLxo64UmaP,ACC 6140 Fraud Exam & Forensic Acc,Did not take,8
R_2amBVoLxo64UmaP,ACC 6150 Info Sys Audit,Did not take,7
R_2amBVoLxo64UmaP,ACC 6250 Financial Reporting and Analysis,Did not take,6
R_2amBVoLxo64UmaP,ACC 6350 Mgmt Control Sys (if taken as an elective),Did not take,5
R_2amBVoLxo64UmaP,ACC 6420 Corporate Tax,Did not take,1
R_2amBVoLxo64UmaP,ACC 6600 Business Law for Accountants (if taken as an elective),Did not take,4
R_2amBVoLxo64UmaP,ACC 6610 Finance Statement Research,Did not take,2
R_2amBVoLxo64UmaP,ACC 679R Special Topics,Did not take,3
R_2cvWrMqn90f1YfL,ACC 6060 Professionalism and Leadership,Most Beneficial,1
R_2cvWrMqn90f1YfL,ACC 6300 Data Analytics,Most Beneficial,2
R_2cvWrMqn90f1YfL,ACC 6350 Managment Control Systems,Most Beneficial,5
R_2cvWrMqn90f1YfL,ACC 6400 Advanced Tax Business Entities,Most Beneficial,3
R_2cvWrMqn90f1YfL,ACC 6560 Financial Theory & Research I,Most Beneficial,4
R_2cvWrMqn90f1YfL,ACC 6510 Financial Audit,Neutral,1
R_2cvWrMqn90f1YfL,ACC 6540 Professional Ethics,Least Beneficial,1
R_2cvWrMqn90f1YfL,ACC 6600 Business Law for Accountants,Did not take,1
R_2cvWrMqn90f1YfL,ACC 6150 Info Sys Audit,Most Beneficial,2
R_2cvWrMqn90f1YfL,ACC 6350 Mgmt Control Sys (if taken as an elective),Most Beneficial,1
R_2cvWrMqn90f1YfL,ACC 6250 Financial Reporting and Analysis,Neutral,1
R_2cvWrMqn90f1YfL,ACC 6030 Financial Accounting Reporting,Did not take,7
R_2cvWrMqn90f1YfL,ACC 6140 Fraud Exam & Forensic Acc,Did not take,8
R_2cvWrMqn90f1YfL,ACC 6410 Tax Research & Procedure,Did not take,5
R_2cvWrMqn90f1YfL,ACC 6420 Corporate Tax,Did not take,2
R_2cvWrMqn90f1YfL,ACC 6440 Partnership Tax,Did not take,3
R_2cvWrMqn90f1YfL,ACC 6600 Business Law for Accountants (if taken as an elective),Did not take,1
R_2cvWrMqn90f1YfL,ACC 6610 Finance Statement Research,Did not take,4
R_2cvWrMqn90f1YfL,ACC 679R Special Topics,Did not take,6
R_Ck4Coo4D4uCPIdz,ACC 6060 Professionalism and Leadership,Most Beneficial,1
R_Ck4Coo4D4uCPIdz,ACC 6560 Financial Theory & Research I,Most Beneficial,2
R_Ck4Coo4D4uCPIdz,ACC 6510 Financial Audit,Neutral,1
R_Ck4Coo4D4uCPIdz,ACC 6350 Managment Control Systems,Least Beneficial,1
R_Ck4Coo4D4uCPIdz,ACC 6540 Professional Ethics,Least Beneficial,2
R_Ck4Coo4D4uCPIdz,ACC 6300 Data Analytics,Did not take,3
R_Ck4Coo4D4uCPIdz,ACC 6400 Advanced Tax Business Entities,Did not take,2
R_Ck4Coo4D4uCPIdz,ACC 6600 Business Law for Accountants,Did not take,1
R_Ck4Coo4D4uCPIdz,ACC 6030 Financial Accounting Reporting,Most Beneficial,3
R_Ck4Coo4D4uCPIdz,ACC 6410 Tax Research & Procedure,Most Beneficial,1
R_Ck4Coo4D4uCPIdz,ACC 6420 Corporate Tax,Most Beneficial,2
R_Ck4Coo4D4uCPIdz,ACC 6440 Partnership Tax,Most Beneficial,4
R_Ck4Coo4D4uCPIdz,ACC 6140 Fraud Exam & Forensic Acc,Neutral,1
R_Ck4Coo4D4uCPIdz,ACC 6350 Mgmt Control Sys (if taken as an elective),Least Beneficial,1
R_Ck4Coo4D4uCPIdz,ACC 6150 Info Sys Audit,Did not take,3
R_Ck4Coo4D4uCPIdz,ACC 6250 Financial Reporting and Analysis,Did not take,2
R_Ck4Coo4D4uCPIdz,ACC 6600 Business Law for Accountants (if taken as an elective),Did not take,5
R_Ck4Coo4D4uCPIdz,ACC 6610 Finance Statement Research,Did not take,1
R_Ck4Coo4D4uCPIdz,ACC 679R Special Topics,Did not take,4
R_32QnL8bAz79B5jw,ACC 6400 Advanced Tax Business Entities,Most Beneficial,2
R_32QnL8bAz79B5jw,ACC 6560 Financial Theory & Research I,Most Beneficial,1
R_32QnL8bAz79B5jw,ACC 6060 Professionalism and Leadership,Neutral,1
R_32QnL8bAz79B5jw,ACC 6300 Data Analytics,Neutral,2
R_32QnL8bAz79B5jw,ACC 6350 Managment Control Systems,Least Beneficial,1
R_32QnL8bAz79B5jw,ACC 6540 Professional Ethics,Least Beneficial,2
R_32QnL8bAz79B5jw,ACC 6510 Financial Audit,Did not take,1
R_32QnL8bAz79B5jw,ACC 6600 Business Law for Accountants,Did not take,2
R_32QnL8bAz79B5jw,ACC 6420 Corporate Tax,Most Beneficial,3
R_32QnL8bAz79B5jw,ACC 6440 Partnership Tax,Most Beneficial,1
R_32QnL8bAz79B5jw,ACC 6610 Finance Statement Research,Most Beneficial,2
R_32QnL8bAz79B5jw,ACC 6250 Financial Reporting and Analysis,Neutral,1
R_32QnL8bAz79B5jw,ACC 6030 Financial Accounting Reporting,Least Beneficial,1
R_32QnL8bAz79B5jw,ACC 6140 Fraud Exam & Forensic Acc,Did not take,6
R_32QnL8bAz79B5jw,ACC 6150 Info Sys Audit,Did not take,5
R_32QnL8bAz79B5jw,ACC 6350 Mgmt Control Sys (if taken as an elective),Did not take,4
R_32QnL8bAz79B5jw,ACC 6410 Tax Research & Procedure,Did not take,3
R_32QnL8bAz79B5jw,ACC 6600 Business Law for Accountants (if taken as an elective),Did not take,2
R_32QnL8bAz79B5jw,ACC 679R Special Topics,Did not take,1
R_3GfX7FAiqsfHzgH,ACC 6560 Financial Theory & Research I,Most Beneficial,2
R_3GfX7FAiqsfHzgH,ACC 6600 Business Law for Accountants,Most Beneficial,1
R_3GfX7FAiqsfHzgH,ACC 6060 Professionalism and Leadership,Did not take,1
R_3GfX7FAiqsfHzgH,ACC 6300 Data Analytics,Did not take,2
R_3GfX7FAiqsfHzgH,ACC 6350 Managment Control Systems,Did not take,3
R_3GfX7FAiqsfHzgH,ACC 6400 Advanced Tax Business Entities,Did not take,4
R_3GfX7FAiqsfHzgH,ACC 6510 Financial Audit,Did not take,5
R_3GfX7FAiqsfHzgH,ACC 6540 Professional Ethics,Did not take,6
R_3GfX7FAiqsfHzgH,ACC 6140 Fraud Exam & Forensic Acc,Most Beneficial,2
R_3GfX7FAiqsfHzgH,ACC 6410 Tax Research & Procedure,Most Beneficial,3
R_3GfX7FAiqsfHzgH,ACC 6600 Business Law for Accountants (if taken as an elective),Most Beneficial,1
R_3GfX7FAiqsfHzgH,ACC 6030 Financial Accounting Reporting,Did not take,8
R_3GfX7FAiqsfHzgH,ACC 6150 Info Sys Audit,Did not take,1
R_3GfX7FAiqsfHzgH,ACC 6250 Financial Reporting and Analysis,Did not take,2
R_3GfX7FAiqsfHzgH,ACC 6350 Mgmt Control Sys (if taken as an elective),Did not take,5
R_3GfX7FAiqsfHzgH,ACC 6420 Corporate Tax,Did not take,3
R_3GfX7FAiqsfHzgH,ACC 6440 Partnership Tax,Did not take,4
R_3GfX7FAiqsfHzgH,ACC 6610 Finance Statement Research,Did not take,6
R_3GfX7FAiqsfHzgH,ACC 679R Special Topics,Did not take,7
R_3G8vjrJ3qTs7j7d,ACC 6060 Professionalism and Leadership,Most Beneficial,2
R_3G8vjrJ3qTs7j7d,ACC 6300 Data Analytics,Most Beneficial,1
R_3G8vjrJ3qTs7j7d,ACC 6350 Managment Control Systems,Neutral,2
R_3G8vjrJ3qTs7j7d,ACC 6400 Advanced Tax Business Entities,Neutral,1
R_3G8vjrJ3qTs7j7d,ACC 6560 Financial Theory & Research I,Neutral,3
R_3G8vjrJ3qTs7j7d,ACC 6510 Financial Audit,Least Beneficial,1
R_3G8vjrJ3qTs7j7d,ACC 6540 Professional Ethics,Least Beneficial,2
R_3G8vjrJ3qTs7j7d,ACC 6600 Business Law for Accountants,Did not take,1
R_3G8vjrJ3qTs7j7d,ACC 6150 Info Sys Audit,Most Beneficial,1
R_3G8vjrJ3qTs7j7d,ACC 6030 Financial Accounting Reporting,Neutral,2
R_3G8vjrJ3qTs7j7d,ACC 6140 Fraud Exam & Forensic Acc,Neutral,1
R_3G8vjrJ3qTs7j7d,ACC 6250 Financial Reporting and Analysis,Did not take,7
R_3G8vjrJ3qTs7j7d,ACC 6350 Mgmt Control Sys (if taken as an elective),Did not take,6
R_3G8vjrJ3qTs7j7d,ACC 6410 Tax Research & Procedure,Did not take,4
R_3G8vjrJ3qTs7j7d,ACC 6420 Corporate Tax,Did not take,1
R_3G8vjrJ3qTs7j7d,ACC 6440 Partnership Tax,Did not take,2
R_3G8vjrJ3qTs7j7d,ACC 6600 Business Law for Accountants (if taken as an elective),Did not take,8
R_3G8vjrJ3qTs7j7d,ACC 6610 Finance Statement Research,Did not take,3
R_3G8vjrJ3qTs7j7d,ACC 679R Special Topics,Did not take,5
R_AccgjHCqVRj38aZ,ACC 6060 Professionalism and Leadership,Most Beneficial,5
R_AccgjHCqVRj38aZ,ACC 6350 Managment Control Systems,Most Beneficial,3
R_AccgjHCqVRj38aZ,ACC 6400 Advanced Tax Business Entities,Most Beneficial,4
R_AccgjHCqVRj38aZ,ACC 6540 Professional Ethics,Most Beneficial,1
R_AccgjHCqVRj38aZ,ACC 6600 Business Law for Accountants,Most Beneficial,2
R_AccgjHCqVRj38aZ,ACC 6560 Financial Theory & Research I,Neutral,1
R_AccgjHCqVRj38aZ,ACC 6300 Data Analytics,Did not take,1
R_AccgjHCqVRj38aZ,ACC 6510 Financial Audit,Did not take,2
R_AccgjHCqVRj38aZ,ACC 6250 Financial Reporting and Analysis,Most Beneficial,2
R_AccgjHCqVRj38aZ,ACC 6600 Business Law for Accountants (if taken as an elective),Most Beneficial,1
R_AccgjHCqVRj38aZ,ACC 6410 Tax Research & Procedure,Neutral,1
R_AccgjHCqVRj38aZ,ACC 6440 Partnership Tax,Least Beneficial,1
R_AccgjHCqVRj38aZ,ACC 6030 Financial Accounting Reporting,Did not take,7
R_AccgjHCqVRj38aZ,ACC 6140 Fraud Exam & Forensic Acc,Did not take,6
R_AccgjHCqVRj38aZ,ACC 6150 Info Sys Audit,Did not take,5
R_AccgjHCqVRj38aZ,ACC 6350 Mgmt Control Sys (if taken as an elective),Did not take,1
R_AccgjHCqVRj38aZ,ACC 6420 Corporate Tax,Did not take,3
R_AccgjHCqVRj38aZ,ACC 6610 Finance Statement Research,Did not take,2
R_AccgjHCqVRj38aZ,ACC 679R Special Topics,Did not take,4
R_2pQcCdnbWRAybX8,ACC 6060 Professionalism and Leadership,Most Beneficial,1
R_2pQcCdnbWRAybX8,ACC 6510 Financial Audit,Most Beneficial,3
R_2pQcCdnbWRAybX8,ACC 6560 Financial Theory & Research I,Most Beneficial,2
R_2pQcCdnbWRAybX8,ACC 6300 Data Analytics,Neutral,2
R_2pQcCdnbWRAybX8,ACC 6400 Advanced Tax Business Entities,Neutral,1
R_2pQcCdnbWRAybX8,ACC 6540 Professional Ethics,Neutral,3
R_2pQcCdnbWRAybX8,ACC 6350 Managment Control Systems,Least Beneficial,1
R_2pQcCdnbWRAybX8,ACC 6600 Business Law for Accountants,Did not take,1
R_2pQcCdnbWRAybX8,ACC 6030 Financial Accounting Reporting,Neutral,1
R_2pQcCdnbWRAybX8,ACC 6350 Mgmt Control Sys (if taken as an elective),Least Beneficial,2
R_2pQcCdnbWRAybX8,ACC 6610 Finance Statement Research,Least Beneficial,1
R_2pQcCdnbWRAybX8,ACC 6140 Fraud Exam & Forensic Acc,Did not take,8
R_2pQcCdnbWRAybX8,ACC 6150 Info Sys Audit,Did not take,5
R_2pQcCdnbWRAybX8,ACC 6250 Financial Reporting and Analysis,Did not take,7
R_2pQcCdnbWRAybX8,ACC 6410 Tax Research & Procedure,Did not take,6
R_2pQcCdnbWRAybX8,ACC 6420 Corporate Tax,Did not take,3
R_2pQcCdnbWRAybX8,ACC 6440 Partnership Tax,Did not take,4
R_2pQcCdnbWRAybX8,ACC 6600 Business Law for Accountants (if taken as an elective),Did not take,2
R_2pQcCdnbWRAybX8,ACC 679R Special Topics,Did not take,1
R_3eqyg44FmVvTwZQ,ACC 6060 Professionalism and Leadership,Most Beneficial,3
R_3eqyg44FmVvTwZQ,ACC 6400 Advanced Tax Business Entities,Most Beneficial,1
R_3eqyg44FmVvTwZQ,ACC 6560 Financial Theory & Research I,Most Beneficial,2
R_3eqyg44FmVvTwZQ,ACC 6300 Data Analytics,Neutral,2
R_3eqyg44FmVvTwZQ,ACC 6350 Managment Control Systems,Neutral,1
R_3eqyg44FmVvTwZQ,ACC 6510 Financial Audit,Least Beneficial,2
R_3eqyg44FmVvTwZQ,ACC 6540 Professional Ethics,Least Beneficial,1
R_3eqyg44FmVvTwZQ,ACC 6600 Business Law for Accountants,Did not take,1
R_3eqyg44FmVvTwZQ,ACC 6420 Corporate Tax,Most Beneficial,1
R_3eqyg44FmVvTwZQ,ACC 6030 Financial Accounting Reporting,Neutral,3
R_3eqyg44FmVvTwZQ,ACC 6350 Mgmt Control Sys (if taken as an elective),Neutral,2
R_3eqyg44FmVvTwZQ,ACC 6440 Partnership Tax,Neutral,1
R_3eqyg44FmVvTwZQ,ACC 6140 Fraud Exam & Forensic Acc,Did not take,7
R_3eqyg44FmVvTwZQ,ACC 6150 Info Sys Audit,Did not take,4
R_3eqyg44FmVvTwZQ,ACC 6250 Financial Reporting and Analysis,Did not take,2
R_3eqyg44FmVvTwZQ,ACC 6410 Tax Research & Procedure,Did not take,1
R_3eqyg44FmVvTwZQ,ACC 6600 Business Law for Accountants (if taken as an elective),Did not take,6
R_3eqyg44FmVvTwZQ,ACC 6610 Finance Statement Research,Did not take,3
R_3eqyg44FmVvTwZQ,ACC 679R Special Topics,Did not take,5
R_0GqveU1jDCpt6Cd,ACC 6060 Professionalism and Leadership,Most Beneficial,2
R_0GqveU1jDCpt6Cd,ACC 6400 Advanced Tax Business Entities,Most Beneficial,1
R_0GqveU1jDCpt6Cd,ACC 6300 Data Analytics,Neutral,2
R_0GqveU1jDCpt6Cd,ACC 6350 Managment Control Systems,Neutral,1
R_0GqveU1jDCpt6Cd,ACC 6510 Financial Audit,Least Beneficial,2
R_0GqveU1jDCpt6Cd,ACC 6540 Professional Ethics,Least Beneficial,1
R_0GqveU1jDCpt6Cd,ACC 6560 Financial Theory & Research I,Did not take,1
R_0GqveU1jDCpt6Cd,ACC 6600 Business Law for Accountants,Did not take,2
R_0GqveU1jDCpt6Cd,ACC 6420 Corporate Tax,Most Beneficial,1
R_0GqveU1jDCpt6Cd,ACC 6030 Financial Accounting Reporting,Neutral,1
R_0GqveU1jDCpt6Cd,ACC 6350 Mgmt Control Sys (if taken as an elective),Neutral,2
R_0GqveU1jDCpt6Cd,ACC 6440 Partnership Tax,Least Beneficial,1
R_0GqveU1jDCpt6Cd,ACC 6140 Fraud Exam & Forensic Acc,Did not take,1
R_0GqveU1jDCpt6Cd,ACC 6150 Info Sys Audit,Did not take,7
R_0GqveU1jDCpt6Cd,ACC 6250 Financial Reporting and Analysis,Did not take,3
R_0GqveU1jDCpt6Cd,ACC 6410 Tax Research & Procedure,Did not take,2
R_0GqveU1jDCpt6Cd,ACC 6600 Business Law for Accountants (if taken as an elective),Did not take,6
R_0GqveU1jDCpt6Cd,ACC 6610 Finance Statement Research,Did not take,4
R_0GqveU1jDCpt6Cd,ACC 679R Special Topics,Did not take,5
R_1n0ZNW3je3wg9kQ,ACC 6350 Managment Control Systems,Most Beneficial,3
R_1n0ZNW3je3wg9kQ,ACC 6400 Advanced Tax Business Entities,Most Beneficial,2
R_1n0ZNW3je3wg9kQ,ACC 6600 Business Law for Accountants,Most Beneficial,1
R_1n0ZNW3je3wg9kQ,ACC 6510 Financial Audit,Neutral,2
R_1n0ZNW3je3wg9kQ,ACC 6560 Financial Theory & Research I,Neutral,1
R_1n0ZNW3je3wg9kQ,ACC 6060 Professionalism and Leadership,Least Beneficial,2
R_1n0ZNW3je3wg9kQ,ACC 6540 Professional Ethics,Least Beneficial,1
R_1n0ZNW3je3wg9kQ,ACC 6300 Data Analytics,Did not take,1
R_1n0ZNW3je3wg9kQ,ACC 6030 Financial Accounting Reporting,Most Beneficial,3
R_1n0ZNW3je3wg9kQ,ACC 6410 Tax Research & Procedure,Most Beneficial,1
R_1n0ZNW3je3wg9kQ,ACC 6420 Corporate Tax,Most Beneficial,2
R_1n0ZNW3je3wg9kQ,ACC 6140 Fraud Exam & Forensic Acc,Neutral,2
R_1n0ZNW3je3wg9kQ,ACC 6350 Mgmt Control Sys (if taken as an elective),Neutral,1
R_1n0ZNW3je3wg9kQ,ACC 6150 Info Sys Audit,Did not take,2
R_1n0ZNW3je3wg9kQ,ACC 6250 Financial Reporting and Analysis,Did not take,1
R_1n0ZNW3je3wg9kQ,ACC 6440 Partnership Tax,Did not take,3
R_1n0ZNW3je3wg9kQ,ACC 6600 Business Law for Accountants (if taken as an elective),Did not take,4
R_1n0ZNW3je3wg9kQ,ACC 6610 Finance Statement Research,Did not take,6
R_1n0ZNW3je3wg9kQ,ACC 679R Special Topics,Did not take,5
R_QoibPiHrMmkPmnL,ACC 6060 Professionalism and Leadership,Most Beneficial,1
R_QoibPiHrMmkPmnL,ACC 6400 Advanced Tax Business Entities,Most Beneficial,2
R_QoibPiHrMmkPmnL,ACC 6300 Data Analytics,Neutral,4
R_QoibPiHrMmkPmnL,ACC 6510 Financial Audit,Neutral,2
R_QoibPiHrMmkPmnL,ACC 6540 Professional Ethics,Neutral,3
R_QoibPiHrMmkPmnL,ACC 6560 Financial Theory & Research I,Neutral,1
R_QoibPiHrMmkPmnL,ACC 6350 Managment Control Systems,Least Beneficial,1
R_QoibPiHrMmkPmnL,ACC 6600 Business Law for Accountants,Did not take,1
R_QoibPiHrMmkPmnL,ACC 6030 Financial Accounting Reporting,Did not take,1
R_QoibPiHrMmkPmnL,ACC 6140 Fraud Exam & Forensic Acc,Did not take,3
R_QoibPiHrMmkPmnL,ACC 6150 Info Sys Audit,Did not take,4
R_QoibPiHrMmkPmnL,ACC 6250 Financial Reporting and Analysis,Did not take,5
R_QoibPiHrMmkPmnL,ACC 6350 Mgmt Control Sys (if taken as an elective),Did not take,2
R_QoibPiHrMmkPmnL,ACC 6410 Tax Research & Procedure,Did not take,7
R_QoibPiHrMmkPmnL,ACC 6420 Corporate Tax,Did not take,6
R_QoibPiHrMmkPmnL,ACC 6440 Partnership Tax,Did not take,9
R_QoibPiHrMmkPmnL,ACC 6600 Business Law for Accountants (if taken as an elective),Did not take,8
R_QoibPiHrMmkPmnL,ACC 6610 Finance Statement Research,Did not take,10
R_QoibPiHrMmkPmnL,ACC 679R Special Topics,Did not take,11
R_2s4nHt1KgmOvaHc,ACC 6060 Professionalism and Leadership,Most Beneficial,4
R_2s4nHt1KgmOvaHc,ACC 6350 Managment Control Systems,Most Beneficial,1
R_2s4nHt1KgmOvaHc,ACC 6560 Financial Theory & Research I,Most Beneficial,3
R_2s4nHt1KgmOvaHc,ACC 6600 Business Law for Accountants,Most Beneficial,2
R_2s4nHt1KgmOvaHc,ACC 6510 Financial Audit,Neutral,1
R_2s4nHt1KgmOvaHc,ACC 6540 Professional Ethics,Least Beneficial,1
R_2s4nHt1KgmOvaHc,ACC 6300 Data Analytics,Did not take,2
R_2s4nHt1KgmOvaHc,ACC 6400 Advanced Tax Business Entities,Did not take,1
R_2s4nHt1KgmOvaHc,ACC 6150 Info Sys Audit,Most Beneficial,1
R_2s4nHt1KgmOvaHc,ACC 6410 Tax Research & Procedure,Most Beneficial,2
R_2s4nHt1KgmOvaHc,ACC 6030 Financial Accounting Reporting,Neutral,2
R_2s4nHt1KgmOvaHc,ACC 6420 Corporate Tax,Neutral,1
R_2s4nHt1KgmOvaHc,ACC 6140 Fraud Exam & Forensic Acc,Did not take,7
R_2s4nHt1KgmOvaHc,ACC 6250 Financial Reporting and Analysis,Did not take,6
R_2s4nHt1KgmOvaHc,ACC 6350 Mgmt Control Sys (if taken as an elective),Did not take,5
R_2s4nHt1KgmOvaHc,ACC 6440 Partnership Tax,Did not take,4
R_2s4nHt1KgmOvaHc,ACC 6600 Business Law for Accountants (if taken as an elective),Did not take,3
R_2s4nHt1KgmOvaHc,ACC 6610 Finance Statement Research,Did not take,2
R_2s4nHt1KgmOvaHc,ACC 679R Special Topics,Did not take,1
R_u4YIKKAAL33wXkJ,ACC 6060 Professionalism and Leadership,Most Beneficial,1
R_u4YIKKAAL33wXkJ,ACC 6300 Data Analytics,Most Beneficial,3
R_u4YIKKAAL33wXkJ,ACC 6560 Financial Theory & Research I,Most Beneficial,2
R_u4YIKKAAL33wXkJ,ACC 6400 Advanced Tax Business Entities,Neutral,1
R_u4YIKKAAL33wXkJ,ACC 6350 Managment Control Systems,Least Beneficial,2
R_u4YIKKAAL33wXkJ,ACC 6510 Financial Audit,Least Beneficial,1
R_u4YIKKAAL33wXkJ,ACC 6540 Professional Ethics,Least Beneficial,3
R_u4YIKKAAL33wXkJ,ACC 6600 Business Law for Accountants,Did not take,1
R_u4YIKKAAL33wXkJ,ACC 6150 Info Sys Audit,Most Beneficial,1
R_u4YIKKAAL33wXkJ,ACC 6030 Financial Accounting Reporting,Neutral,1
R_u4YIKKAAL33wXkJ,ACC 6610 Finance Statement Research,Least Beneficial,1
R_u4YIKKAAL33wXkJ,ACC 6140 Fraud Exam & Forensic Acc,Did not take,8
R_u4YIKKAAL33wXkJ,ACC 6250 Financial Reporting and Analysis,Did not take,7
R_u4YIKKAAL33wXkJ,ACC 6350 Mgmt Control Sys (if taken as an elective),Did not take,6
R_u4YIKKAAL33wXkJ,ACC 6410 Tax Research & Procedure,Did not take,5
R_u4YIKKAAL33wXkJ,ACC 6420 Corporate Tax,Did not take,4
R_u4YIKKAAL33wXkJ,ACC 6440 Partnership Tax,Did not take,3
R_u4YIKKAAL33wXkJ,ACC 6600 Business Law for Accountants (if taken as an elective),Did not take,2
R_u4YIKKAAL33wXkJ,ACC 679R Special Topics,Did not take,1
R_264EBLoxnxcyNe5,ACC 6060 Professionalism and Leadership,Most Beneficial,2
R_264EBLoxnxcyNe5,ACC 6350 Managment Control Systems,Most Beneficial,1
R_264EBLoxnxcyNe5,ACC 6510 Financial Audit,Most Beneficial,3
R_264EBLoxnxcyNe5,ACC 6560 Financial Theory & Research I,Neutral,1
R_264EBLoxnxcyNe5,ACC 6300 Data Analytics,Did not take,2
R_264EBLoxnxcyNe5,ACC 6400 Advanced Tax Business Entities,Did not take,1
R_264EBLoxnxcyNe5,ACC 6540 Professional Ethics,Did not take,3
R_264EBLoxnxcyNe5,ACC 6600 Business Law for Accountants,Did not take,4
R_264EBLoxnxcyNe5,ACC 6030 Financial Accounting Reporting,Most Beneficial,2
R_264EBLoxnxcyNe5,ACC 6150 Info Sys Audit,Most Beneficial,1
R_264EBLoxnxcyNe5,ACC 6420 Corporate Tax,Most Beneficial,3
R_264EBLoxnxcyNe5,ACC 6140 Fraud Exam & Forensic Acc,Did not take,8
R_264EBLoxnxcyNe5,ACC 6250 Financial Reporting and Analysis,Did not take,7
R_264EBLoxnxcyNe5,ACC 6350 Mgmt Control Sys (if taken as an elective),Did not take,2
R_264EBLoxnxcyNe5,ACC 6410 Tax Research & Procedure,Did not take,6
R_264EBLoxnxcyNe5,ACC 6440 Partnership Tax,Did not take,1
R_264EBLoxnxcyNe5,ACC 6600 Business Law for Accountants (if taken as an elective),Did not take,3
R_264EBLoxnxcyNe5,ACC 6610 Finance Statement Research,Did not take,5
R_264EBLoxnxcyNe5,ACC 679R Special Topics,Did not take,4
R_SBgZzLnuS4kGUnv,ACC 6060 Professionalism and Leadership,Most Beneficial,3
R_SBgZzLnuS4kGUnv,ACC 6350 Managment Control Systems,Most Beneficial,2
R_SBgZzLnuS4kGUnv,ACC 6510 Financial Audit,Most Beneficial,1
R_SBgZzLnuS4kGUnv,ACC 6540 Professional Ethics,Most Beneficial,4
R_SBgZzLnuS4kGUnv,ACC 6600 Business Law for Accountants,Most Beneficial,5
R_SBgZzLnuS4kGUnv,ACC 6560 Financial Theory & Research I,Least Beneficial,1
R_SBgZzLnuS4kGUnv,ACC 6300 Data Analytics,Did not take,2
R_SBgZzLnuS4kGUnv,ACC 6400 Advanced Tax Business Entities,Did not take,1
R_SBgZzLnuS4kGUnv,ACC 6350 Mgmt Control Sys (if taken as an elective),Most Beneficial,3
R_SBgZzLnuS4kGUnv,ACC 6600 Business Law for Accountants (if taken as an elective),Most Beneficial,2
R_SBgZzLnuS4kGUnv,ACC 6610 Finance Statement Research,Most Beneficial,1
R_SBgZzLnuS4kGUnv,ACC 6420 Corporate Tax,Neutral,2
R_SBgZzLnuS4kGUnv,ACC 6440 Partnership Tax,Neutral,1
R_SBgZzLnuS4kGUnv,ACC 6030 Financial Accounting Reporting,Least Beneficial,1
R_SBgZzLnuS4kGUnv,ACC 6140 Fraud Exam & Forensic Acc,Did not take,2
R_SBgZzLnuS4kGUnv,ACC 6150 Info Sys Audit,Did not take,4
R_SBgZzLnuS4kGUnv,ACC 6250 Financial Reporting and Analysis,Did not take,1
R_SBgZzLnuS4kGUnv,ACC 6410 Tax Research & Procedure,Did not take,3
R_SBgZzLnuS4kGUnv,ACC 679R Special Topics,Did not take,5
R_325AzGE1Xo6wjk0,ACC 6560 Financial Theory & Research I,Most Beneficial,1
R_325AzGE1Xo6wjk0,ACC 6060 Professionalism and Leadership,Neutral,2
R_325AzGE1Xo6wjk0,ACC 6400 Advanced Tax Business Entities,Neutral,1
R_325AzGE1Xo6wjk0,ACC 6510 Financial Audit,Neutral,4
R_325AzGE1Xo6wjk0,ACC 6600 Business Law for Accountants,Neutral,3
R_325AzGE1Xo6wjk0,ACC 6350 Managment Control Systems,Least Beneficial,2
R_325AzGE1Xo6wjk0,ACC 6540 Professional Ethics,Least Beneficial,1
R_325AzGE1Xo6wjk0,ACC 6300 Data Analytics,Did not take,1
R_325AzGE1Xo6wjk0,ACC 6410 Tax Research & Procedure,Most Beneficial,1
R_325AzGE1Xo6wjk0,ACC 6420 Corporate Tax,Most Beneficial,2
R_325AzGE1Xo6wjk0,ACC 6030 Financial Accounting Reporting,Neutral,2
R_325AzGE1Xo6wjk0,ACC 6140 Fraud Exam & Forensic Acc,Neutral,1
R_325AzGE1Xo6wjk0,ACC 6600 Business Law for Accountants (if taken as an elective),Least Beneficial,1
R_325AzGE1Xo6wjk0,ACC 6150 Info Sys Audit,Did not take,6
R_325AzGE1Xo6wjk0,ACC 6250 Financial Reporting and Analysis,Did not take,5
R_325AzGE1Xo6wjk0,ACC 6350 Mgmt Control Sys (if taken as an elective),Did not take,4
R_325AzGE1Xo6wjk0,ACC 6440 Partnership Tax,Did not take,3
R_325AzGE1Xo6wjk0,ACC 6610 Finance Statement Research,Did not take,1
R_325AzGE1Xo6wjk0,ACC 679R Special Topics,Did not take,2
R_3pbZqxOnfjvZUzL,ACC 6350 Managment Control Systems,Most Beneficial,1
R_3pbZqxOnfjvZUzL,ACC 6060 Professionalism and Leadership,Neutral,2
R_3pbZqxOnfjvZUzL,ACC 6510 Financial Audit,Neutral,1
R_3pbZqxOnfjvZUzL,ACC 6560 Financial Theory & Research I,Least Beneficial,1
R_3pbZqxOnfjvZUzL,ACC 6300 Data Analytics,Did not take,4
R_3pbZqxOnfjvZUzL,ACC 6400 Advanced Tax Business Entities,Did not take,1
R_3pbZqxOnfjvZUzL,ACC 6540 Professional Ethics,Did not take,2
R_3pbZqxOnfjvZUzL,ACC 6600 Business Law for Accountants,Did not take,3
R_3pbZqxOnfjvZUzL,ACC 6140 Fraud Exam & Forensic Acc,Most Beneficial,3
R_3pbZqxOnfjvZUzL,ACC 6150 Info Sys Audit,Most Beneficial,2
R_3pbZqxOnfjvZUzL,ACC 6250 Financial Reporting and Analysis,Most Beneficial,1
R_3pbZqxOnfjvZUzL,ACC 6420 Corporate Tax,Neutral,1
R_3pbZqxOnfjvZUzL,ACC 6030 Financial Accounting Reporting,Least Beneficial,1
R_3pbZqxOnfjvZUzL,ACC 6350 Mgmt Control Sys (if taken as an elective),Did not take,6
R_3pbZqxOnfjvZUzL,ACC 6410 Tax Research & Procedure,Did not take,1
R_3pbZqxOnfjvZUzL,ACC 6440 Partnership Tax,Did not take,2
R_3pbZqxOnfjvZUzL,ACC 6600 Business Law for Accountants (if taken as an elective),Did not take,3
R_3pbZqxOnfjvZUzL,ACC 6610 Finance Statement Research,Did not take,5
R_3pbZqxOnfjvZUzL,ACC 679R Special Topics,Did not take,4
R_2QMMf42i3BJ83jj,ACC 6060 Professionalism and Leadership,Most Beneficial,2
R_2QMMf42i3BJ83jj,ACC 6300 Data Analytics,Most Beneficial,4
R_2QMMf42i3BJ83jj,ACC 6400 Advanced Tax Business Entities,Most Beneficial,1
R_2QMMf42i3BJ83jj,ACC 6560 Financial Theory & Research I,Most Beneficial,3
R_2QMMf42i3BJ83jj,ACC 6510 Financial Audit,Neutral,1
R_2QMMf42i3BJ83jj,ACC 6350 Managment Control Systems,Least Beneficial,1
R_2QMMf42i3BJ83jj,ACC 6540 Professional Ethics,Least Beneficial,2
R_2QMMf42i3BJ83jj,ACC 6600 Business Law for Accountants,Did not take,1
R_2QMMf42i3BJ83jj,ACC 6420 Corporate Tax,Most Beneficial,1
R_2QMMf42i3BJ83jj,ACC 6030 Financial Accounting Reporting,Neutral,1
R_2QMMf42i3BJ83jj,ACC 6610 Finance Statement Research,Least Beneficial,1
R_2QMMf42i3BJ83jj,ACC 6140 Fraud Exam & Forensic Acc,Did not take,3
R_2QMMf42i3BJ83jj,ACC 6150 Info Sys Audit,Did not take,4
R_2QMMf42i3BJ83jj,ACC 6250 Financial Reporting and Analysis,Did not take,1
R_2QMMf42i3BJ83jj,ACC 6350 Mgmt Control Sys (if taken as an elective),Did not take,2
R_2QMMf42i3BJ83jj,ACC 6410 Tax Research & Procedure,Did not take,7
R_2QMMf42i3BJ83jj,ACC 6440 Partnership Tax,Did not take,8
R_2QMMf42i3BJ83jj,ACC 6600 Business Law for Accountants (if taken as an elective),Did not take,6
R_2QMMf42i3BJ83jj,ACC 679R Special Topics,Did not take,5
R_RhsYPZ7fDzFWR8t,ACC 6060 Professionalism and Leadership,Most Beneficial,1
R_RhsYPZ7fDzFWR8t,ACC 6350 Managment Control Systems,Most Beneficial,2
R_RhsYPZ7fDzFWR8t,ACC 6400 Advanced Tax Business Entities,Most Beneficial,3
R_RhsYPZ7fDzFWR8t,ACC 6560 Financial Theory & Research I,Most Beneficial,4
R_RhsYPZ7fDzFWR8t,ACC 6510 Financial Audit,Least Beneficial,1
R_RhsYPZ7fDzFWR8t,ACC 6540 Professional Ethics,Least Beneficial,2
R_RhsYPZ7fDzFWR8t,ACC 6300 Data Analytics,Did not take,2
R_RhsYPZ7fDzFWR8t,ACC 6600 Business Law for Accountants,Did not take,1
R_RhsYPZ7fDzFWR8t,ACC 6150 Info Sys Audit,Most Beneficial,1
R_RhsYPZ7fDzFWR8t,ACC 6030 Financial Accounting Reporting,Least Beneficial,1
R_RhsYPZ7fDzFWR8t,ACC 6140 Fraud Exam & Forensic Acc,Did not take,9
R_RhsYPZ7fDzFWR8t,ACC 6250 Financial Reporting and Analysis,Did not take,8
R_RhsYPZ7fDzFWR8t,ACC 6350 Mgmt Control Sys (if taken as an elective),Did not take,6
R_RhsYPZ7fDzFWR8t,ACC 6410 Tax Research & Procedure,Did not take,7
R_RhsYPZ7fDzFWR8t,ACC 6420 Corporate Tax,Did not take,2
R_RhsYPZ7fDzFWR8t,ACC 6440 Partnership Tax,Did not take,4
R_RhsYPZ7fDzFWR8t,ACC 6600 Business Law for Accountants (if taken as an elective),Did not take,5
R_RhsYPZ7fDzFWR8t,ACC 6610 Finance Statement Research,Did not take,1
R_RhsYPZ7fDzFWR8t,ACC 679R Special Topics,Did not take,3
R_2RVvopgY4uNEp7X,ACC 6060 Professionalism and Leadership,Most Beneficial,1
R_2RVvopgY4uNEp7X,ACC 6300 Data Analytics,Most Beneficial,2
R_2RVvopgY4uNEp7X,ACC 6400 Advanced Tax Business Entities,Neutral,1
R_2RVvopgY4uNEp7X,ACC 6350 Managment Control Systems,Least Beneficial,1
R_2RVvopgY4uNEp7X,ACC 6510 Financial Audit,Least Beneficial,3
R_2RVvopgY4uNEp7X,ACC 6540 Professional Ethics,Least Beneficial,4
R_2RVvopgY4uNEp7X,ACC 6560 Financial Theory & Research I,Least Beneficial,2
R_2RVvopgY4uNEp7X,ACC 6600 Business Law for Accountants,Did not take,1
R_2RVvopgY4uNEp7X,ACC 6140 Fraud Exam & Forensic Acc,Most Beneficial,1
R_2RVvopgY4uNEp7X,ACC 6150 Info Sys Audit,Most Beneficial,2
R_2RVvopgY4uNEp7X,ACC 6610 Finance Statement Research,Least Beneficial,1
R_2RVvopgY4uNEp7X,ACC 6030 Financial Accounting Reporting,Did not take,8
R_2RVvopgY4uNEp7X,ACC 6250 Financial Reporting and Analysis,Did not take,7
R_2RVvopgY4uNEp7X,ACC 6350 Mgmt Control Sys (if taken as an elective),Did not take,6
R_2RVvopgY4uNEp7X,ACC 6410 Tax Research & Procedure,Did not take,5
R_2RVvopgY4uNEp7X,ACC 6420 Corporate Tax,Did not take,4
R_2RVvopgY4uNEp7X,ACC 6440 Partnership Tax,Did not take,3
R_2RVvopgY4uNEp7X,ACC 6600 Business Law for Accountants (if taken as an elective),Did not take,1
R_2RVvopgY4uNEp7X,ACC 679R Special Topics,Did not take,2
R_1BQ0px3Jv6XayKn,ACC 6400 Advanced Tax Business Entities,Most Beneficial,1
R_1BQ0px3Jv6XayKn,ACC 6510 Financial Audit,Most Beneficial,3
R_1BQ0px3Jv6XayKn,ACC 6600 Business Law for Accountants,Most Beneficial,2
R_1BQ0px3Jv6XayKn,ACC 6060 Professionalism and Leadership,Neutral,1
R_1BQ0px3Jv6XayKn,ACC 6560 Financial Theory & Research I,Neutral,2
R_1BQ0px3Jv6XayKn,ACC 6350 Managment Control Systems,Least Beneficial,2
R_1BQ0px3Jv6XayKn,ACC 6540 Professional Ethics,Least Beneficial,1
R_1BQ0px3Jv6XayKn,ACC 6300 Data Analytics,Did not take,1
R_1BQ0px3Jv6XayKn,ACC 6410 Tax Research & Procedure,Most Beneficial,1
R_1BQ0px3Jv6XayKn,ACC 6420 Corporate Tax,Most Beneficial,3
R_1BQ0px3Jv6XayKn,ACC 6440 Partnership Tax,Most Beneficial,2
R_1BQ0px3Jv6XayKn,ACC 6600 Business Law for Accountants (if taken as an elective),Most Beneficial,4
R_1BQ0px3Jv6XayKn,ACC 6030 Financial Accounting Reporting,Least Beneficial,1
R_1BQ0px3Jv6XayKn,ACC 6140 Fraud Exam & Forensic Acc,Did not take,4
R_1BQ0px3Jv6XayKn,ACC 6150 Info Sys Audit,Did not take,2
R_1BQ0px3Jv6XayKn,ACC 6250 Financial Reporting and Analysis,Did not take,3
R_1BQ0px3Jv6XayKn,ACC 6350 Mgmt Control Sys (if taken as an elective),Did not take,5
R_1BQ0px3Jv6XayKn,ACC 6610 Finance Statement Research,Did not take,6
R_1BQ0px3Jv6XayKn,ACC 679R Special Topics,Did not take,1
R_rj2AZEKZt3NTnLb,ACC 6060 Professionalism and Leadership,Most Beneficial,1
R_rj2AZEKZt3NTnLb,ACC 6300 Data Analytics,Most Beneficial,2
R_rj2AZEKZt3NTnLb,ACC 6350 Managment Control Systems,Most Beneficial,3
R_rj2AZEKZt3NTnLb,ACC 6400 Advanced Tax Business Entities,Neutral,1
R_rj2AZEKZt3NTnLb,ACC 6560 Financial Theory & Research I,Neutral,2
R_rj2AZEKZt3NTnLb,ACC 6510 Financial Audit,Least Beneficial,1
R_rj2AZEKZt3NTnLb,ACC 6540 Professional Ethics,Least Beneficial,2
R_rj2AZEKZt3NTnLb,ACC 6600 Business Law for Accountants,Did not take,1
R_rj2AZEKZt3NTnLb,ACC 6030 Financial Accounting Reporting,Most Beneficial,1
R_rj2AZEKZt3NTnLb,ACC 6250 Financial Reporting and Analysis,Least Beneficial,1
R_rj2AZEKZt3NTnLb,ACC 6140 Fraud Exam & Forensic Acc,Did not take,8
R_rj2AZEKZt3NTnLb,ACC 6150 Info Sys Audit,Did not take,9
R_rj2AZEKZt3NTnLb,ACC 6350 Mgmt Control Sys (if taken as an elective),Did not take,7
R_rj2AZEKZt3NTnLb,ACC 6410 Tax Research & Procedure,Did not take,6
R_rj2AZEKZt3NTnLb,ACC 6420 Corporate Tax,Did not take,5
R_rj2AZEKZt3NTnLb,ACC 6440 Partnership Tax,Did not take,2
R_rj2AZEKZt3NTnLb,ACC 6600 Business Law for Accountants (if taken as an elective),Did not take,4
R_rj2AZEKZt3NTnLb,ACC 6610 Finance Statement Research,Did not take,1
R_rj2AZEKZt3NTnLb,ACC 679R Special Topics,Did not take,3
R_1guN1SJd38tiwI7,ACC 6060 Professionalism and Leadership,Most Beneficial,2
R_1guN1SJd38tiwI7,ACC 6300 Data Analytics,Most Beneficial,3
R_1guN1SJd38tiwI7,ACC 6350 Managment Control Systems,Most Beneficial,4
R_1guN1SJd38tiwI7,ACC 6400 Advanced Tax Business Entities,Most Beneficial,1
R_1guN1SJd38tiwI7,ACC 6540 Professional Ethics,Most Beneficial,6
R_1guN1SJd38tiwI7,ACC 6560 Financial Theory & Research I,Most Beneficial,5
R_1guN1SJd38tiwI7,ACC 6510 Financial Audit,Neutral,1
R_1guN1SJd38tiwI7,ACC 6600 Business Law for Accountants,Did not take,1
R_1guN1SJd38tiwI7,ACC 6030 Financial Accounting Reporting,Most Beneficial,4
R_1guN1SJd38tiwI7,ACC 6250 Financial Reporting and Analysis,Most Beneficial,1
R_1guN1SJd38tiwI7,ACC 6350 Mgmt Control Sys (if taken as an elective),Most Beneficial,2
R_1guN1SJd38tiwI7,ACC 6610 Finance Statement Research,Most Beneficial,3
R_1guN1SJd38tiwI7,ACC 6140 Fraud Exam & Forensic Acc,Did not take,5
R_1guN1SJd38tiwI7,ACC 6150 Info Sys Audit,Did not take,1
R_1guN1SJd38tiwI7,ACC 6410 Tax Research & Procedure,Did not take,4
R_1guN1SJd38tiwI7,ACC 6420 Corporate Tax,Did not take,6
R_1guN1SJd38tiwI7,ACC 6440 Partnership Tax,Did not take,3
R_1guN1SJd38tiwI7,ACC 6600 Business Law for Accountants (if taken as an elective),Did not take,2
R_1guN1SJd38tiwI7,ACC 679R Special Topics,Did not take,7
R_11dLJpLBYnob578,ACC 6060 Professionalism and Leadership,Most Beneficial,2
R_11dLJpLBYnob578,ACC 6300 Data Analytics,Most Beneficial,4
R_11dLJpLBYnob578,ACC 6350 Managment Control Systems,Most Beneficial,3
R_11dLJpLBYnob578,ACC 6400 Advanced Tax Business Entities,Most Beneficial,1
R_11dLJpLBYnob578,ACC 6560 Financial Theory & Research I,Neutral,1
R_11dLJpLBYnob578,ACC 6510 Financial Audit,Least Beneficial,2
R_11dLJpLBYnob578,ACC 6540 Professional Ethics,Least Beneficial,1
R_11dLJpLBYnob578,ACC 6600 Business Law for Accountants,Did not take,1
R_11dLJpLBYnob578,ACC 6030 Financial Accounting Reporting,Neutral,1
R_11dLJpLBYnob578,ACC 6250 Financial Reporting and Analysis,Neutral,2
R_11dLJpLBYnob578,ACC 6140 Fraud Exam & Forensic Acc,Did not take,3
R_11dLJpLBYnob578,ACC 6150 Info Sys Audit,Did not take,1
R_11dLJpLBYnob578,ACC 6350 Mgmt Control Sys (if taken as an elective),Did not take,2
R_11dLJpLBYnob578,ACC 6410 Tax Research & Procedure,Did not take,4
R_11dLJpLBYnob578,ACC 6420 Corporate Tax,Did not take,5
R_11dLJpLBYnob578,ACC 6440 Partnership Tax,Did not take,6
R_11dLJpLBYnob578,ACC 6600 Business Law for Accountants (if taken as an elective),Did not take,7
R_11dLJpLBYnob578,ACC 6610 Finance Statement Research,Did not take,9
R_11dLJpLBYnob578,ACC 679R Special Topics,Did not take,8
